путь,категории ПДн,количество_находок,УЗ,формат файла
ПДнDataset/share/.DS_Store,Нет,0,УЗ-4,
ПДнDataset/share/Архив сканы/z/zzz77d00/2064857737.tif,Нет,0,УЗ-4,.tif
ПДнDataset/share/Архив сканы/z/zzz57d00/2029289405.tif,Нет,0,УЗ-4,.tif
ПДнDataset/share/Архив сканы/z/zzz46d00/40015701-5701.tif,Нет,0,УЗ-4,.tif
ПДнDataset/share/Архив сканы/z/zzz07d00/tnwl0007597.tif,Нет,0,УЗ-4,.tif
ПДнDataset/share/Архив сканы/z/zzz53c00/2064818721.tif,Нет,0,УЗ-4,.tif
ПДнDataset/share/Архив сканы/z/zzz01f00/0001252956.tif,Нет,0,УЗ-4,.tif
ПДнDataset/share/Архив сканы/z/zzz85c00/2073684077.tif,Нет,0,УЗ-4,.tif
ПДнDataset/share/Архив сканы/z/zzz27c00/2041511979.tif,Нет,0,УЗ-4,.tif
ПДнDataset/share/Архив сканы/z/zzz52c00/2076160631.tif,Нет,0,УЗ-4,.tif
ПДнDataset/share/Архив сканы/z/zzz86c00/2070718633.tif,Нет,0,УЗ-4,.tif
ПДнDataset/share/Архив сканы/z/zzz28e00/1005103556.tif,Нет,0,УЗ-4,.tif
ПДнDataset/share/Архив сканы/z/zzz83c00/2057775423.tif,Нет,0,УЗ-4,.tif
ПДнDataset/share/Архив сканы/z/zzz97c00/527802957+-2958.tif,Нет,0,УЗ-4,.tif
ПДнDataset/share/Архив сканы/z/zzz35c00/2083513848.tif,Нет,0,УЗ-4,.tif
ПДнDataset/share/Архив сканы/z/zzz62e00/2057077308.tif,Нет,0,УЗ-4,.tif
ПДнDataset/share/Архив сканы/z/zzz70d00/517751228+-1230.tif,Нет,0,УЗ-4,.tif
ПДнDataset/share/Архив сканы/a/zza94a00/2063196920.tif,Нет,0,УЗ-4,.tif
ПДнDataset/share/Архив сканы/a/zza00d00/50308888-8889.tif,Нет,0,УЗ-4,.tif
ПДнDataset/share/Архив сканы/a/zza43e00/2042537535.tif,Нет,0,УЗ-4,.tif
ПДнDataset/share/Архив сканы/a/zza17e00/2031309105.tif,Нет,0,УЗ-4,.tif
ПДнDataset/share/Архив сканы/a/zza49e00/2501298013.tif,Нет,0,УЗ-4,.tif
ПДнDataset/share/Архив сканы/a/zza51c00/2085779941.tif,Нет,0,УЗ-4,.tif
ПДнDataset/share/Архив сканы/a/zza99d00/500068563.tif,Нет,0,УЗ-4,.tif
ПДнDataset/share/Архив сканы/a/zza29e00/2501172233_2501172290.tif,Нет,0,УЗ-4,.tif
ПДнDataset/share/Архив сканы/a/zza54c00/80702501.tif,Нет,0,УЗ-4,.tif
ПДнDataset/share/Архив сканы/a/zza93c00/2057800212.tif,Нет,0,УЗ-4,.tif
ПДнDataset/share/Архив сканы/a/zza81c00/2501741170_1183.tif,Нет,0,УЗ-4,.tif
ПДнDataset/share/Архив сканы/a/zza50f00/0000269666.tif,Нет,0,УЗ-4,.tif
ПДнDataset/share/Архив сканы/a/zza01f00/0011839665.tif,Нет,0,УЗ-4,.tif
ПДнDataset/share/Архив сканы/a/zza65e00/2046440775.tif,Нет,0,УЗ-4,.tif
ПДнDataset/share/Архив сканы/a/zza96e00/2057680263.tif,Нет,0,УЗ-4,.tif
ПДнDataset/share/Архив сканы/a/zza57d00/2048755106.tif,Нет,0,УЗ-4,.tif
ПДнDataset/share/Архив сканы/a/zza90d00/522746807+-6808.tif,Нет,0,УЗ-4,.tif
ПДнDataset/share/Архив сканы/a/zza20e00/04303523-a.tif,Нет,0,УЗ-4,.tif
ПДнDataset/share/Архив сканы/a/zza61e00/00620531.tif,Нет,0,УЗ-4,.tif
ПДнDataset/share/Архив сканы/a/zza04e00/2040765768.tif,Нет,0,УЗ-4,.tif
ПДнDataset/share/Архив сканы/a/zza94d00/505945066_505945074.tif,Нет,0,УЗ-4,.tif
ПДнDataset/share/Архив сканы/a/zza42d00/2050801870_1873.tif,Нет,0,УЗ-4,.tif
ПДнDataset/share/Архив сканы/a/zza27d00/2075165787.tif,Нет,0,УЗ-4,.tif
ПДнDataset/share/Архив сканы/a/zza44e00/2023086413.tif,Нет,0,УЗ-4,.tif
ПДнDataset/share/Архив сканы/a/zza70e00/92023499_92023505.tif,Нет,0,УЗ-4,.tif
ПДнDataset/share/Архив сканы/a/zza23d00/513327776_513327782.tif,Нет,0,УЗ-4,.tif
ПДнDataset/share/Архив сканы/a/zza58c00/2083822795.tif,Нет,0,УЗ-4,.tif
ПДнDataset/share/Архив сканы/c/zzc39c00/2084511715_1716.tif,Нет,0,УЗ-4,.tif
ПДнDataset/share/Архив сканы/c/zzc52d00/2023567144.tif,Нет,0,УЗ-4,.tif
ПДнDataset/share/Архив сканы/c/zzc25a00/528339733+-9733.tif,Нет,0,УЗ-4,.tif
ПДнDataset/share/Архив сканы/c/zzc70e00/85872405_85872407.tif,Нет,0,УЗ-4,.tif
ПДнDataset/share/Архив сканы/c/zzc44e00/2000457615_2000457620.tif,Нет,0,УЗ-4,.tif
ПДнDataset/share/Архив сканы/c/zzc85d00/503782317.tif,Нет,0,УЗ-4,.tif
ПДнDataset/share/Архив сканы/c/zzc64e00/1001894221.tif,Нет,0,УЗ-4,.tif
ПДнDataset/share/Архив сканы/c/zzc74e00/1003185521.tif,Нет,0,УЗ-4,.tif
ПДнDataset/share/Архив сканы/c/zzc46d00/50684262-4263.tif,Нет,0,УЗ-4,.tif
ПДнDataset/share/Архив сканы/c/zzc19c00/2505280805_0807.tif,Нет,0,УЗ-4,.tif
ПДнDataset/share/Архив сканы/c/zzc10f00/0000544864.tif,Нет,0,УЗ-4,.tif
ПДнDataset/share/Архив сканы/c/zzc75f00/0060202280.tif,Нет,0,УЗ-4,.tif
ПДнDataset/share/Архив сканы/c/zzc26c00/2083183167c_3168.tif,Нет,0,УЗ-4,.tif
ПДнDataset/share/Архив сканы/c/zzc12c00/2085112782b_2783.tif,Нет,0,УЗ-4,.tif
ПДнDataset/share/Архив сканы/c/zzc08d00/2072341081d_1082.tif,Нет,0,УЗ-4,.tif
ПДнDataset/share/Архив сканы/c/zzc58d00/2062521131_1132.tif,Нет,0,УЗ-4,.tif
ПДнDataset/share/Архив сканы/c/zzc90f00/0011898456.tif,Нет,0,УЗ-4,.tif
ПДнDataset/share/Архив сканы/c/zzc09e00/2041408964.tif,Нет,0,УЗ-4,.tif
ПДнDataset/share/Архив сканы/c/zzc85f00/0060117201.tif,Нет,0,УЗ-4,.tif
ПДнDataset/share/Архив сканы/c/zzc50c00/ti17180287.tif,Нет,0,УЗ-4,.tif
ПДнDataset/share/Архив сканы/c/zzc52f00/tob14300.78_tob14300.80.tif,Нет,0,УЗ-4,.tif
ПДнDataset/share/Архив сканы/c/zzc05c00/2064296407_6455.tif,Нет,0,УЗ-4,.tif
ПДнDataset/share/Архив сканы/c/zzc83c00/2041158002.tif,Нет,0,УЗ-4,.tif
ПДнDataset/share/Архив сканы/c/zzc00d00/50313867-3869.tif,Нет,0,УЗ-4,.tif
ПДнDataset/share/Архив сканы/c/zzc53a00/2065088945.tif,Нет,0,УЗ-4,.tif
ПДнDataset/share/Архив сканы/c/zzc53e00/2061991348.tif,Нет,0,УЗ-4,.tif
ПДнDataset/share/Архив сканы/c/zzc63a00/518623059+-3062.tif,Нет,0,УЗ-4,.tif
ПДнDataset/share/Архив сканы/c/zzc42e00/2500122743.tif,Нет,0,УЗ-4,.tif
ПДнDataset/share/Архив сканы/c/zzc27e00/2028706323.tif,Нет,0,УЗ-4,.tif
ПДнDataset/share/Архив сканы/x/zzx80a00/0060000673.tif,Нет,0,УЗ-4,.tif
ПДнDataset/share/Архив сканы/x/zzx90a00/0060062976.tif,Нет,0,УЗ-4,.tif
ПДнDataset/share/Архив сканы/x/zzx14d00/507710669_507710670.tif,Нет,0,УЗ-4,.tif
ПДнDataset/share/Архив сканы/x/zzx33e00/2044073803.tif,Нет,0,УЗ-4,.tif
ПДнDataset/share/Архив сканы/x/zzx89c00/40002609-2610.tif,Нет,0,УЗ-4,.tif
ПДнDataset/share/Архив сканы/x/zzx21d00/515944308+-4308.tif,Нет,0,УЗ-4,.tif
ПДнDataset/share/Архив сканы/x/zzx70d00/517756535+-6535.tif,Нет,0,УЗ-4,.tif
ПДнDataset/share/Архив сканы/x/zzx84f00/0060352267.tif,Нет,0,УЗ-4,.tif
ПДнDataset/share/Архив сканы/x/zzx86c00/2071133389.tif,Нет,0,УЗ-4,.tif
ПДнDataset/share/Архив сканы/x/zzx61c00/2084061184.tif,Нет,0,УЗ-4,.tif
ПДнDataset/share/Архив сканы/x/zzx45f00/0060051277.tif,Нет,0,УЗ-4,.tif
ПДнDataset/share/Архив сканы/x/zzx98e00/2031513374.tif,Нет,0,УЗ-4,.tif
ПДнDataset/share/Архив сканы/x/zzx25f00/0060206275.tif,Нет,0,УЗ-4,.tif
ПДнDataset/share/Архив сканы/x/zzx36d00/50649664-9664.tif,Нет,0,УЗ-4,.tif
ПДнDataset/share/Архив сканы/x/zzx79c00/50244030-4037.tif,Нет,0,УЗ-4,.tif
ПДнDataset/share/Архив сканы/x/zzx32d00/2069531424.tif,Нет,0,УЗ-4,.tif
ПДнDataset/share/Архив сканы/x/zzx51e00/03747860.tif,Нет,0,УЗ-4,.tif
ПДнDataset/share/Архив сканы/x/zzx91d00/71329566.tif,Нет,0,УЗ-4,.tif
ПДнDataset/share/Архив сканы/x/zzx72d00/518075755.tif,Нет,0,УЗ-4,.tif
ПДнDataset/share/Архив сканы/x/zzx23d00/512841566_512841567.tif,Нет,0,УЗ-4,.tif
ПДнDataset/share/Архив сканы/b/zzb56d00/CTRSP-FILES027573-75.tif,Нет,0,УЗ-4,.tif
ПДнDataset/share/Архив сканы/b/zzb26d00/50546182-6182.tif,Нет,0,УЗ-4,.tif
ПДнDataset/share/Архив сканы/b/zzb51a00/0071067500.tif,Нет,0,УЗ-4,.tif
ПДнDataset/share/Архив сканы/b/zzb82e00/2040183521.tif,Нет,0,УЗ-4,.tif
ПДнDataset/share/Архив сканы/b/zzb10a00/10350601_10350605.tif,Нет,0,УЗ-4,.tif
ПДнDataset/share/Архив сканы/b/zzb67d00/2024298010_8018.tif,Нет,0,УЗ-4,.tif
ПДнDataset/share/Архив сканы/b/zzb38c00/508851993+-1993.tif,Нет,0,УЗ-4,.tif
ПДнDataset/share/Архив сканы/b/zzb06d00/50491022-1023.tif,Нет,0,УЗ-4,.tif
ПДнDataset/share/Архив сканы/b/zzb32d00/2501929589.tif,Нет,0,УЗ-4,.tif
ПДнDataset/share/Архив сканы/b/zzb09d00/50426112-6114.tif,Нет,0,УЗ-4,.tif
ПДнDataset/share/Архив сканы/b/zzb70f00/0011989252.tif,Нет,0,УЗ-4,.tif
ПДнDataset/share/Архив сканы/b/zzb83f00/0001142383.tif,Нет,0,УЗ-4,.tif
ПДнDataset/share/Архив сканы/b/zzb90c00/2501855195_5202.tif,Нет,0,УЗ-4,.tif
ПДнDataset/share/Архив сканы/b/zzb77c00/2084396137_6138.tif,Нет,0,УЗ-4,.tif
ПДнDataset/share/Архив сканы/b/zzb02c00/2080731994.tif,Нет,0,УЗ-4,.tif
ПДнDataset/share/Архив сканы/b/zzb85f00/0060116558.tif,Нет,0,УЗ-4,.tif
ПДнDataset/share/Архив сканы/b/zzb24c00/2080143458.tif,Нет,0,УЗ-4,.tif
ПДнDataset/share/Архив сканы/b/zzb82c00/2078772581.tif,Нет,0,УЗ-4,.tif
ПДнDataset/share/Архив сканы/b/zzb14c00/2069729124.tif,Нет,0,УЗ-4,.tif
ПДнDataset/share/Архив сканы/b/zzb55c00/2076071228b.tif,Нет,0,УЗ-4,.tif
ПДнDataset/share/Архив сканы/b/zzb11d00/519689266+-9274.tif,Нет,0,УЗ-4,.tif
ПДнDataset/share/Архив сканы/b/zzb91e00/01409855.tif,Нет,0,УЗ-4,.tif
ПДнDataset/share/Архив сканы/b/zzb27e00/2028703073.tif,Нет,0,УЗ-4,.tif
ПДнDataset/share/Архив сканы/b/zzb42e00/2062498262.tif,Нет,0,УЗ-4,.tif
ПДнDataset/share/Архив сканы/b/zzb03e00/2046468258.tif,Нет,0,УЗ-4,.tif
ПДнDataset/share/Архив сканы/b/zzb61d00/518079699+-9712.tif,Нет,0,УЗ-4,.tif
ПДнDataset/share/Архив сканы/b/zzb02a00/2023382980_2023382987.tif,Нет,0,УЗ-4,.tif
ПДнDataset/share/Архив сканы/b/zzb94a00/2063195729.tif,Нет,0,УЗ-4,.tif
ПДнDataset/share/Архив сканы/b/zzb96d00/tcal0414257.tif,Нет,0,УЗ-4,.tif
ПДнDataset/share/Архив сканы/y/zzy21d00/518303671+-3672.tif,Нет,0,УЗ-4,.tif
ПДнDataset/share/Архив сканы/y/zzy03e00/2046109202.tif,Нет,0,УЗ-4,.tif
ПДнDataset/share/Архив сканы/y/zzy52e00/2056599150.tif,Нет,0,УЗ-4,.tif
ПДнDataset/share/Архив сканы/y/zzy89c00/40005199-5206.tif,Нет,0,УЗ-4,.tif
ПДнDataset/share/Архив сканы/y/zzy33e00/2043655434.tif,Нет,0,УЗ-4,.tif
ПДнDataset/share/Архив сканы/y/zzy41d00/518208662+-8663.tif,Нет,0,УЗ-4,.tif
ПДнDataset/share/Архив сканы/y/zzy94a00/2064334043b.tif,Нет,0,УЗ-4,.tif
ПДнDataset/share/Архив сканы/y/zzy02a00/2023473560.tif,Нет,0,УЗ-4,.tif
ПДнDataset/share/Архив сканы/y/zzy04d00/507995262.tif,Нет,0,УЗ-4,.tif
ПДнDataset/share/Архив сканы/y/zzy19e00/2501033072.tif,Нет,0,УЗ-4,.tif
ПДнDataset/share/Архив сканы/y/zzy35c00/2083542628.tif,Нет,0,УЗ-4,.tif
ПДнDataset/share/Архив сканы/y/zzy70c00/1001402342.tif,Нет,0,УЗ-4,.tif
ПДнDataset/share/Архив сканы/y/zzy05c00/2076734459.tif,Нет,0,УЗ-4,.tif
ПДнDataset/share/Архив сканы/y/zzy79e00/0000176593.tif,Нет,0,УЗ-4,.tif
ПДнDataset/share/Архив сканы/y/zzy29d00/501859325.tif,Нет,0,УЗ-4,.tif
ПДнDataset/share/Архив сканы/y/zzy68d00/502865567_502865617.tif,Нет,0,УЗ-4,.tif
ПДнDataset/share/Архив сканы/y/zzy95c00/2072568903a.tif,Нет,0,УЗ-4,.tif
ПДнDataset/share/Архив сканы/y/zzy22c00/2069739965.tif,Нет,0,УЗ-4,.tif
ПДнDataset/share/Архив сканы/y/zzy57c00/2073415682.tif,Нет,0,УЗ-4,.tif
ПДнDataset/share/Архив сканы/y/zzy29c00/2505402423.tif,Нет,0,УЗ-4,.tif
ПДнDataset/share/Архив сканы/y/zzy25a00/81871212_1213.tif,Нет,0,УЗ-4,.tif
ПДнDataset/share/Архив сканы/y/zzy25e00/2024090592.tif,Нет,0,УЗ-4,.tif
ПДнDataset/share/Архив сканы/y/zzy35e00/2040765681.tif,Нет,0,УЗ-4,.tif
ПДнDataset/share/Архив сканы/y/zzy70a00/0060140228.tif,Нет,0,УЗ-4,.tif
ПДнDataset/share/Архив сканы/y/zzy49c00/PUBLICATIONS003667-3.tif,Нет,0,УЗ-4,.tif
ПДнDataset/share/Архив сканы/y/zzy80d00/522738348+-8349.tif,Нет,0,УЗ-4,.tif
ПДнDataset/share/Архив сканы/y/zzy55a00/530919692+-9693.tif,Нет,0,УЗ-4,.tif
ПДнDataset/share/Архив сканы/y/zzy06d00/50536499-6500.tif,Нет,0,УЗ-4,.tif
ПДнDataset/share/Архив сканы/y/zzy30e00/87003967_87003968.tif,Нет,0,УЗ-4,.tif
ПДнDataset/share/Документы партнеров/%D0%92%D1%81%D0%B5%D1%80%D0%BE%D1%81%D1%81%D0%B8%D0%B9%D1%81%D0%BA%D0%B0%D1%8F_%D0%BF%D0%B5%D1%80%D0%B5%D0%BF%D0%B8%D1%81%D1%8C_%D0%B6%D0%B8%D0%B2%D0%BE%D1%82%D0%BD%D1%8B%D1%85.pdf,Нет,0,УЗ-4,.pdf
ПДнDataset/share/Документы партнеров/rules.pdf,"PASSPORT, PHONE, BIRTHDAY, EMAIL",7,УЗ-3,.pdf
ПДнDataset/share/Документы партнеров/agreement_reg.pdf,EMAIL,1,УЗ-4,.pdf
ПДнDataset/share/Документы партнеров/politika_konfidencialnosti.pdf,PASSPORT,1,УЗ-3,.pdf
ПДнDataset/share/Документы партнеров/ok_history_new.pdf,Нет,0,УЗ-4,.pdf
ПДнDataset/share/Документы партнеров/version-090924.pdf,"PASSPORT, PHONE, BIRTHDAY, EMAIL",18,УЗ-3,.pdf
ПДнDataset/share/Документы партнеров/Sport24_Mediakit_2024.pdf,EMAIL,1,УЗ-4,.pdf
ПДнDataset/share/Документы партнеров/google_privacy_policy_en.pdf,Нет,0,УЗ-4,.pdf
ПДнDataset/share/Документы партнеров/VK_Soglashenie_ob_informacionnom_vzaimodeistvii.pdf,Нет,0,УЗ-4,.pdf
ПДнDataset/share/Документы партнеров/agreement_reg_extra.pdf,EMAIL,1,УЗ-4,.pdf
ПДнDataset/share/Документы партнеров/VKCT_Soglashenie_ob_informacionnom_vzaimodeistvii.pdf,Нет,0,УЗ-4,.pdf
ПДнDataset/share/Документы партнеров/capsula_neo_instruction.pdf,PHONE,1,УЗ-4,.pdf
ПДнDataset/share/Документы партнеров/version-300824.pdf,EMAIL,3,УЗ-4,.pdf
ПДнDataset/share/Документы партнеров/capsula_instruction.pdf,PHONE,1,УЗ-4,.pdf
ПДнDataset/share/Документы партнеров/google_terms_of_service_en.pdf,Нет,0,УЗ-4,.pdf
ПДнDataset/share/Выгрузки/Логистика/customers.csv,Нет,0,УЗ-4,.csv
ПДнDataset/share/Выгрузки/Логистика/products.csv,Нет,0,УЗ-4,.csv
ПДнDataset/share/Выгрузки/Логистика/sample.md,Нет,0,УЗ-4,.md
ПДнDataset/share/Выгрузки/Логистика/logistics.csv,Нет,0,УЗ-4,.csv
ПДнDataset/share/Выгрузки/Логистика/stores.csv,Нет,0,УЗ-4,.csv
ПДнDataset/share/Выгрузки/Логистика/sales.csv,Нет,0,УЗ-4,.csv
ПДнDataset/share/Выгрузки/дочерние предприятия/Employes/akt_priema_peredachi_rabochego_mesta.txt,"PASSPORT, PHONE, BIRTHDAY",5,УЗ-3,.txt
ПДнDataset/share/Выгрузки/дочерние предприятия/Employes/zayavka_na_propusk_v_zhk.txt,"PHONE, BIRTHDAY",3,УЗ-4,.txt
ПДнDataset/share/Выгрузки/дочерние предприятия/Employes/zayavlenie_dostavka_oborudovaniya_domoi.txt,"PHONE, BIRTHDAY, EMAIL",3,УЗ-4,.txt
ПДнDataset/share/Выгрузки/дочерние предприятия/Employes/servisnaya_zayavka_vyezd_inzhenera.txt,"PHONE, BIRTHDAY, EMAIL",5,УЗ-4,.txt
ПДнDataset/share/Выгрузки/дочерние предприятия/Employes/soglasie_na_obrabotku_pd.txt,"PHONE, BIRTHDAY, EMAIL",6,УЗ-4,.txt
ПДнDataset/share/Выгрузки/дочерние предприятия/Employes/perepiska_email_dostavka_kresla.txt,"PHONE, EMAIL",7,УЗ-4,.txt
ПДнDataset/share/Выгрузки/дочерние предприятия/Employes/doverennost_na_poluchenie_posylki.txt,"PHONE, BIRTHDAY",7,УЗ-4,.txt
ПДнDataset/share/Выгрузки/дочерние предприятия/Employes/anketa_dms.txt,"PASSPORT, PHONE, BIRTHDAY, EMAIL",8,УЗ-3,.txt
ПДнDataset/share/Выгрузки/дочерние предприятия/Employes/raspiska_poluchenie_noutbuka.txt,"PHONE, BIRTHDAY",4,УЗ-4,.txt
ПДнDataset/share/Выгрузки/дочерние предприятия/Employes/zayavka_kompensaciya_interneta.txt,"PHONE, BIRTHDAY, EMAIL",5,УЗ-4,.txt
ПДнDataset/share/Выгрузки/дочерние предприятия/Billing/psxattrs.csv,Нет,0,УЗ-4,.csv
ПДнDataset/share/Выгрузки/дочерние предприятия/Billing/subscribers.csv,Нет,0,УЗ-4,.csv
ПДнDataset/share/Выгрузки/дочерние предприятия/Billing/plan.json,Нет,0,УЗ-4,.json
ПДнDataset/share/Выгрузки/дочерние предприятия/Billing/client.parquet,Нет,0,УЗ-4,.parquet
ПДнDataset/share/Выгрузки/дочерние предприятия/Billing/physical.parquet,Нет,0,УЗ-4,.parquet
ПДнDataset/share/Выгрузки/дочерние предприятия/Billing/company.parquet,Нет,0,УЗ-4,.parquet
ПДнDataset/share/Выгрузки/дочерние предприятия/Billing/full/customers.csv,Нет,0,УЗ-4,.csv
ПДнDataset/share/Выгрузки/дочерние предприятия/Billing/full/products.csv,Нет,0,УЗ-4,.csv
ПДнDataset/share/Выгрузки/дочерние предприятия/Billing/full/sample.md,Нет,0,УЗ-4,.md
ПДнDataset/share/Выгрузки/дочерние предприятия/Billing/full/logistics.csv,Нет,0,УЗ-4,.csv
ПДнDataset/share/Выгрузки/дочерние предприятия/Billing/full/stores.csv,Нет,0,УЗ-4,.csv
ПДнDataset/share/Выгрузки/дочерние предприятия/Billing/full/sales.csv,Нет,0,УЗ-4,.csv
ПДнDataset/share/Выгрузки/Сайты/page_265.html,Нет,0,УЗ-4,.html
ПДнDataset/share/Выгрузки/Сайты/95612331-14438121-image-a-96_1740585935880.jpg,Нет,0,УЗ-4,.jpg
ПДнDataset/share/Выгрузки/Сайты/20797_2000.jpg,Нет,0,УЗ-4,.jpg
ПДнDataset/share/Выгрузки/Сайты/page_320.html,Нет,0,УЗ-4,.html
ПДнDataset/share/Выгрузки/Сайты/page_82.html,Нет,0,УЗ-4,.html
ПДнDataset/share/Выгрузки/Сайты/page_459.html,Нет,0,УЗ-4,.html
ПДнDataset/share/Выгрузки/Сайты/IMG_8448.jpg,Нет,0,УЗ-4,.jpg
ПДнDataset/share/Выгрузки/Сайты/355365_original.jpg,Нет,0,УЗ-4,.jpg
ПДнDataset/share/Выгрузки/Сайты/page_398.html,Нет,0,УЗ-4,.html
ПДнDataset/share/Выгрузки/Сайты/page_232.html,Нет,0,УЗ-4,.html
ПДнDataset/share/Выгрузки/Сайты/f1add6390f50cb50ada7118c0848ddec.jpg,Нет,0,УЗ-4,.jpg
ПДнDataset/share/Выгрузки/Сайты/192154.jpg,Нет,0,УЗ-4,.jpg
ПДнDataset/share/Выгрузки/Сайты/page_377.html,Нет,0,УЗ-4,.html
ПДнDataset/share/Выгрузки/Сайты/143984_800.jpg,Нет,0,УЗ-4,.jpg
ПДнDataset/share/Выгрузки/Сайты/page_224.html,Нет,0,УЗ-4,.html
ПДнDataset/share/Выгрузки/Сайты/7611_800.jpg,Нет,0,УЗ-4,.jpg
ПДнDataset/share/Выгрузки/Сайты/page_361.html,Нет,0,УЗ-4,.html
ПДнDataset/share/Выгрузки/Сайты/11898_900.jpg,Нет,0,УЗ-4,.jpg
ПДнDataset/share/Выгрузки/Сайты/page_418.html,Нет,0,УЗ-4,.html
ПДнDataset/share/Выгрузки/Сайты/4345502_original.jpg,Нет,0,УЗ-4,.jpg
ПДнDataset/share/Выгрузки/Сайты/1070167_800.jpg,Нет,0,УЗ-4,.jpg
ПДнDataset/share/Выгрузки/Сайты/5627_900.jpg,Нет,0,УЗ-4,.jpg
ПДнDataset/share/Выгрузки/Сайты/page_273.html,Нет,0,УЗ-4,.html
ПДнDataset/share/Выгрузки/Сайты/1363763_original.jpg,Нет,0,УЗ-4,.jpg
ПДнDataset/share/Выгрузки/Сайты/305459_original.jpg,Нет,0,УЗ-4,.jpg
ПДнDataset/share/Выгрузки/Сайты/1570_2000.jpg,Нет,0,УЗ-4,.jpg
ПДнDataset/share/Выгрузки/Сайты/14434422_original.jpg,Нет,0,УЗ-4,.jpg
ПДнDataset/share/Выгрузки/Сайты/page_94.html,Нет,0,УЗ-4,.html
ПДнDataset/share/Выгрузки/Сайты/page_336.html,Нет,0,УЗ-4,.html
ПДнDataset/share/Выгрузки/Сайты/277459_original.jpg,Нет,0,УЗ-4,.jpg
ПДнDataset/share/Выгрузки/Сайты/95608581-14438121-image-a-59_1740580595609.jpg,Нет,0,УЗ-4,.jpg
ПДнDataset/share/Выгрузки/Сайты/page_208.html,Нет,0,УЗ-4,.html
ПДнDataset/share/Выгрузки/Сайты/page_121.html,Нет,0,УЗ-4,.html
ПДнDataset/share/Выгрузки/Сайты/14165960_600.jpg,Нет,0,УЗ-4,.jpg
ПДнDataset/share/Выгрузки/Сайты/page_434.html,Нет,0,УЗ-4,.html
ПДнDataset/share/Выгрузки/Сайты/364408_original.jpg,Нет,0,УЗ-4,.jpg
ПДнDataset/share/Выгрузки/Сайты/365108_original.jpg,Нет,0,УЗ-4,.jpg
ПДнDataset/share/Выгрузки/Сайты/366646_original.jpg,Нет,0,УЗ-4,.jpg
ПДнDataset/share/Выгрузки/Сайты/124139_800.jpg,Нет,0,УЗ-4,.jpg
ПДнDataset/share/Выгрузки/Сайты/11293_900.jpg,Нет,0,УЗ-4,.jpg
ПДнDataset/share/Выгрузки/Сайты/14441985_original.jpg,Нет,0,УЗ-4,.jpg
ПДнDataset/share/Выгрузки/Сайты/page_57.html,Нет,0,УЗ-4,.html
ПДнDataset/share/Выгрузки/Сайты/4144069_600.jpg,Нет,0,УЗ-4,.jpg
ПДнDataset/share/Выгрузки/Сайты/4154897_600.jpg,Нет,0,УЗ-4,.jpg
ПДнDataset/share/Выгрузки/Сайты/page_176.html,Нет,0,УЗ-4,.html
ПДнDataset/share/Выгрузки/Сайты/page_463.html,Нет,0,УЗ-4,.html
ПДнDataset/share/Выгрузки/Сайты/page_199.html,Нет,0,УЗ-4,.html
ПДнDataset/share/Выгрузки/Сайты/621809_540.jpg,Нет,0,УЗ-4,.jpg
ПДнDataset/share/Выгрузки/Сайты/278906_original.jpg,Нет,0,УЗ-4,.jpg
ПДнDataset/share/Выгрузки/Сайты/page_249.html,Нет,0,УЗ-4,.html
ПДнDataset/share/Выгрузки/Сайты/page_41.html,Нет,0,УЗ-4,.html
ПДнDataset/share/Выгрузки/Сайты/47402_800.jpg,Нет,0,УЗ-4,.jpg
ПДнDataset/share/Выгрузки/Сайты/page_160.html,Нет,0,УЗ-4,.html
ПДнDataset/share/Выгрузки/Сайты/427512_1000.jpg,Нет,0,УЗ-4,.jpg
ПДнDataset/share/Выгрузки/Сайты/6149_2000.jpg,Нет,0,УЗ-4,.jpg
ПДнDataset/share/Выгрузки/Сайты/422345601_6251787.jpg,Нет,0,УЗ-4,.jpg
ПДнDataset/share/Выгрузки/Сайты/138996_1000.jpg,Нет,0,УЗ-4,.jpg
ПДнDataset/share/Выгрузки/Сайты/47059_800.jpg,Нет,0,УЗ-4,.jpg
ПДнDataset/share/Выгрузки/Сайты/9226_original.png,Нет,0,УЗ-4,.png
ПДнDataset/share/Выгрузки/Сайты/d1b358e46ef23b7ac40dad0bad44db8b.jpg,Нет,0,УЗ-4,.jpg
ПДнDataset/share/Выгрузки/Сайты/page_475.html,Нет,0,УЗ-4,.html
ПДнDataset/share/Выгрузки/Сайты/page_16.html,Нет,0,УЗ-4,.html
ПДнDataset/share/Выгрузки/Сайты/10309_900.jpg,Нет,0,УЗ-4,.jpg
ПДнDataset/share/Выгрузки/Сайты/page_137.html,Нет,0,УЗ-4,.html
ПДнDataset/share/Выгрузки/Сайты/page_422.html,Нет,0,УЗ-4,.html
ПДнDataset/share/Выгрузки/Сайты/144148_800.jpg,Нет,0,УЗ-4,.jpg
ПДнDataset/share/Выгрузки/Сайты/375548_original.jpg,Нет,0,УЗ-4,.jpg
ПДнDataset/share/Выгрузки/Сайты/page_455.html,Нет,0,УЗ-4,.html
ПДнDataset/share/Выгрузки/Сайты/page_140.html,Нет,0,УЗ-4,.html
ПДнDataset/share/Выгрузки/Сайты/95607229-14438121-image-a-11_1740578461417.jpg,Нет,0,УЗ-4,.jpg
ПДнDataset/share/Выгрузки/Сайты/page_269.html,Нет,0,УЗ-4,.html
ПДнDataset/share/Выгрузки/Сайты/page_61.html,Нет,0,УЗ-4,.html
ПДнDataset/share/Выгрузки/Сайты/14520_900.jpg,Нет,0,УЗ-4,.jpg
ПДнDataset/share/Выгрузки/Сайты/4614_800.jpg,Нет,0,УЗ-4,.jpg
ПДнDataset/share/Выгрузки/Сайты/page_286.html,Нет,0,УЗ-4,.html
ПДнDataset/share/Выгрузки/Сайты/page_402.html,Нет,0,УЗ-4,.html
ПДнDataset/share/Выгрузки/Сайты/279470_original.jpg,Нет,0,УЗ-4,.jpg
ПДнDataset/share/Выгрузки/Сайты/12690_900.jpg,Нет,0,УЗ-4,.jpg
ПДнDataset/share/Выгрузки/Сайты/11953_800.jpg,Нет,0,УЗ-4,.jpg
ПДнDataset/share/Выгрузки/Сайты/page_117.html,Нет,0,УЗ-4,.html
ПДнDataset/share/Выгрузки/Сайты/ece58ec3022c7c798bb228456ac8a67c.jpg,Нет,0,УЗ-4,.jpg
ПДнDataset/share/Выгрузки/Сайты/358795_original.jpg,Нет,0,УЗ-4,.jpg
ПДнDataset/share/Выгрузки/Сайты/page_36.html,Нет,0,УЗ-4,.html
ПДнDataset/share/Выгрузки/Сайты/page_394.html,Нет,0,УЗ-4,.html
ПДнDataset/share/Выгрузки/Сайты/28278_800.jpg,Нет,0,УЗ-4,.jpg
ПДнDataset/share/Выгрузки/Сайты/426918_1000.jpg,Нет,0,УЗ-4,.jpg
ПДнDataset/share/Выгрузки/Сайты/page_414.html,Нет,0,УЗ-4,.html
ПДнDataset/share/Выгрузки/Сайты/page_101.html,Нет,0,УЗ-4,.html
ПДнDataset/share/Выгрузки/Сайты/page_382.html,Нет,0,УЗ-4,.html
ПДнDataset/share/Выгрузки/Сайты/page_228.html,Нет,0,УЗ-4,.html
ПДнDataset/share/Выгрузки/Сайты/page_20.html,Нет,0,УЗ-4,.html
ПДнDataset/share/Выгрузки/Сайты/away,Нет,0,УЗ-4,
ПДнDataset/share/Выгрузки/Сайты/5851_900.jpg,Нет,0,УЗ-4,.jpg
ПДнDataset/share/Выгрузки/Сайты/343968_original.jpg,Нет,0,УЗ-4,.jpg
ПДнDataset/share/Выгрузки/Сайты/897581_original.jpg,Нет,0,УЗ-4,.jpg
ПДнDataset/share/Выгрузки/Сайты/page_443.html,Нет,0,УЗ-4,.html
ПДнDataset/share/Выгрузки/Сайты/page_156.html,Нет,0,УЗ-4,.html
ПДнDataset/share/Выгрузки/Сайты/page_77.html,Нет,0,УЗ-4,.html
ПДнDataset/share/Выгрузки/Сайты/372966_original.jpg,Нет,0,УЗ-4,.jpg
ПДнDataset/share/Выгрузки/Сайты/page_98.html,Нет,0,УЗ-4,.html
ПДнDataset/share/Выгрузки/Сайты/page_290.html,Нет,0,УЗ-4,.html
ПДнDataset/share/Выгрузки/Сайты/1317829_800.jpg,Нет,0,УЗ-4,.jpg
ПДнDataset/share/Выгрузки/Сайты/346261_original.jpg,Нет,0,УЗ-4,.jpg
ПДнDataset/share/Выгрузки/Сайты/327315_original.jpg,Нет,0,УЗ-4,.jpg
ПДнDataset/share/Выгрузки/Сайты/page_438.html,Нет,0,УЗ-4,.html
ПДнDataset/share/Выгрузки/Сайты/page_6.html,Нет,0,УЗ-4,.html
ПДнDataset/share/Выгрузки/Сайты/6814_2000.jpg,Нет,0,УЗ-4,.jpg
ПДнDataset/share/Выгрузки/Сайты/page_341.html,Нет,0,УЗ-4,.html
ПДнDataset/share/Выгрузки/Сайты/8816_800.png,Нет,0,УЗ-4,.png
ПДнDataset/share/Выгрузки/Сайты/95614875-14438121-image-a-111_1740588947961.jpg,Нет,0,УЗ-4,.jpg
ПДнDataset/share/Выгрузки/Сайты/data_atom.gif,Нет,0,УЗ-4,.gif
ПДнDataset/share/Выгрузки/Сайты/894122_800.jpg,Нет,0,УЗ-4,.jpg
ПДнDataset/share/Выгрузки/Сайты/page_204.html,Нет,0,УЗ-4,.html
ПДнDataset/share/Выгрузки/Сайты/page_480.html,Нет,0,УЗ-4,.html
ПДнDataset/share/Выгрузки/Сайты/332034_original.jpg,Нет,0,УЗ-4,.jpg
ПДнDataset/share/Выгрузки/Сайты/page_195.html,Нет,0,УЗ-4,.html
ПДнDataset/share/Выгрузки/Сайты/page_316.html,Нет,0,УЗ-4,.html
ПДнDataset/share/Выгрузки/Сайты/page_253.html,Нет,0,УЗ-4,.html
ПДнDataset/share/Выгрузки/Сайты/14257289_600.jpg,Нет,0,УЗ-4,.jpg
ПДнDataset/share/Выгрузки/Сайты/16161_900.jpg,Нет,0,УЗ-4,.jpg
ПДнDataset/share/Выгрузки/Сайты/page_479.html,Нет,0,УЗ-4,.html
ПДнDataset/share/Выгрузки/Сайты/page_183.html,Нет,0,УЗ-4,.html
ПДнDataset/share/Выгрузки/Сайты/page_300.html,Нет,0,УЗ-4,.html
ПДнDataset/share/Выгрузки/Сайты/page_245.html,Нет,0,УЗ-4,.html
ПДнDataset/share/Выгрузки/Сайты/331415_original.jpg,Нет,0,УЗ-4,.jpg
ПДнDataset/share/Выгрузки/Сайты/5967_2000.jpg,Нет,0,УЗ-4,.jpg
ПДнDataset/share/Выгрузки/Сайты/20198_2000.png,Нет,0,УЗ-4,.png
ПДнDataset/share/Выгрузки/Сайты/633644_1000.jpg,Нет,0,УЗ-4,.jpg
ПДнDataset/share/Выгрузки/Сайты/14436179_original.jpg,Нет,0,УЗ-4,.jpg
ПДнDataset/share/Выгрузки/Сайты/1926959_300.jpg,Нет,0,УЗ-4,.jpg
ПДнDataset/share/Выгрузки/Сайты/userpic-user.png,Нет,0,УЗ-4,.png
ПДнDataset/share/Выгрузки/Сайты/page_357.html,Нет,0,УЗ-4,.html
ПДнDataset/share/Выгрузки/Сайты/page_212.html,Нет,0,УЗ-4,.html
ПДнDataset/share/Выгрузки/Сайты/356548_original.jpg,Нет,0,УЗ-4,.jpg
ПДнDataset/share/Выгрузки/Сайты/14438620_original.jpg,Нет,0,УЗ-4,.jpg
ПДнDataset/share/Выгрузки/Сайты/page_356.html,Нет,0,УЗ-4,.html
ПДнDataset/share/Выгрузки/Сайты/page_213.html,Нет,0,УЗ-4,.html
ПДнDataset/share/Выгрузки/Сайты/632613_1000.jpg,Нет,0,УЗ-4,.jpg
ПДнDataset/share/Выгрузки/Сайты/4160712_600.jpg,Нет,0,УЗ-4,.jpg
ПДнDataset/share/Выгрузки/Сайты/299483_original.jpg,Нет,0,УЗ-4,.jpg
ПДнDataset/share/Выгрузки/Сайты/18677_900.jpg,Нет,0,УЗ-4,.jpg
ПДнDataset/share/Выгрузки/Сайты/322397_800.png,Нет,0,УЗ-4,.png
ПДнDataset/share/Выгрузки/Сайты/page_301.html,Нет,0,УЗ-4,.html
ПДнDataset/share/Выгрузки/Сайты/3823033_600.jpg,Нет,0,УЗ-4,.jpg
ПДнDataset/share/Выгрузки/Сайты/page_244.html,Нет,0,УЗ-4,.html
ПДнDataset/share/Выгрузки/Сайты/26551_800.jpg,Нет,0,УЗ-4,.jpg
ПДнDataset/share/Выгрузки/Сайты/14439521_original.jpg,Нет,0,УЗ-4,.jpg
ПДнDataset/share/Выгрузки/Сайты/page_478.html,Нет,0,УЗ-4,.html
ПДнDataset/share/Выгрузки/Сайты/page_182.html,Нет,0,УЗ-4,.html
ПДнDataset/share/Выгрузки/Сайты/12105_900.jpg,Нет,0,УЗ-4,.jpg
ПДнDataset/share/Выгрузки/Сайты/14434890_original.jpg,Нет,0,УЗ-4,.jpg
ПДнDataset/share/Выгрузки/Сайты/page_317.html,Нет,0,УЗ-4,.html
ПДнDataset/share/Выгрузки/Сайты/page_252.html,Нет,0,УЗ-4,.html
ПДнDataset/share/Выгрузки/Сайты/page_481.html,Нет,0,УЗ-4,.html
ПДнDataset/share/Выгрузки/Сайты/IMG_3137.jpg,Нет,0,УЗ-4,.jpg
ПДнDataset/share/Выгрузки/Сайты/14633025_original.jpg,Нет,0,УЗ-4,.jpg
ПДнDataset/share/Выгрузки/Сайты/page_194.html,Нет,0,УЗ-4,.html
ПДнDataset/share/Выгрузки/Сайты/13897_original.jpg,Нет,0,УЗ-4,.jpg
ПДнDataset/share/Выгрузки/Сайты/page_340.html,Нет,0,УЗ-4,.html
ПДнDataset/share/Выгрузки/Сайты/31188_800.jpg,Нет,0,УЗ-4,.jpg
ПДнDataset/share/Выгрузки/Сайты/page_205.html,Нет,0,УЗ-4,.html
ПДнDataset/share/Выгрузки/Сайты/355965_900.jpg,Нет,0,УЗ-4,.jpg
ПДнDataset/share/Выгрузки/Сайты/118848_800.jpg,Нет,0,УЗ-4,.jpg
ПДнDataset/share/Выгрузки/Сайты/95612095-14438121-image-a-87_1740585249275.jpg,Нет,0,УЗ-4,.jpg
ПДнDataset/share/Выгрузки/Сайты/95613207-14438121-image-a-106_1740586739043.jpg,Нет,0,УЗ-4,.jpg
ПДнDataset/share/Выгрузки/Сайты/page_439.html,Нет,0,УЗ-4,.html
ПДнDataset/share/Выгрузки/Сайты/39676_800.jpg,Нет,0,УЗ-4,.jpg
ПДнDataset/share/Выгрузки/Сайты/14442286_original.jpg,Нет,0,УЗ-4,.jpg
ПДнDataset/share/Выгрузки/Сайты/page_76.html,Нет,0,УЗ-4,.html
ПДнDataset/share/Выгрузки/Сайты/377052_original.jpg,Нет,0,УЗ-4,.jpg
ПДнDataset/share/Выгрузки/Сайты/page_99.html,Нет,0,УЗ-4,.html
ПДнDataset/share/Выгрузки/Сайты/page_291.html,Нет,0,УЗ-4,.html
ПДнDataset/share/Выгрузки/Сайты/121978_800.jpg,Нет,0,УЗ-4,.jpg
ПДнDataset/share/Выгрузки/Сайты/40642_800.png,Нет,0,УЗ-4,.png
ПДнDataset/share/Выгрузки/Сайты/page_442.html,Нет,0,УЗ-4,.html
ПДнDataset/share/Выгрузки/Сайты/5323_900.jpg,Нет,0,УЗ-4,.jpg
ПДнDataset/share/Выгрузки/Сайты/14439848_original.jpg,Нет,0,УЗ-4,.jpg
ПДнDataset/share/Выгрузки/Сайты/4165481_600.jpg,Нет,0,УЗ-4,.jpg
ПДнDataset/share/Выгрузки/Сайты/page_157.html,Нет,0,УЗ-4,.html
ПДнDataset/share/Выгрузки/Сайты/14440115_original.jpg,Нет,0,УЗ-4,.jpg
ПДнDataset/share/Выгрузки/Сайты/page_383.html,Нет,0,УЗ-4,.html
ПДнDataset/share/Выгрузки/Сайты/page_229.html,Нет,0,УЗ-4,.html
ПДнDataset/share/Выгрузки/Сайты/page_21.html,Нет,0,УЗ-4,.html
ПДнDataset/share/Выгрузки/Сайты/7644967_original.jpg,Нет,0,УЗ-4,.jpg
ПДнDataset/share/Выгрузки/Сайты/27944_800.jpg,Нет,0,УЗ-4,.jpg
ПДнDataset/share/Выгрузки/Сайты/page_415.html,Нет,0,УЗ-4,.html
ПДнDataset/share/Выгрузки/Сайты/page_100.html,Нет,0,УЗ-4,.html
ПДнDataset/share/Выгрузки/Сайты/9322_900.gif,Нет,0,УЗ-4,.gif
ПДнDataset/share/Выгрузки/Сайты/356903_original.jpg,Нет,0,УЗ-4,.jpg
ПДнDataset/share/Выгрузки/Сайты/vino-768x990.jpg,Нет,0,УЗ-4,.jpg
ПДнDataset/share/Выгрузки/Сайты/page_37.html,Нет,0,УЗ-4,.html
ПДнDataset/share/Выгрузки/Сайты/page_395.html,Нет,0,УЗ-4,.html
ПДнDataset/share/Выгрузки/Сайты/1317251_800.jpg,Нет,0,УЗ-4,.jpg
ПДнDataset/share/Выгрузки/Сайты/1316633_800.jpg,Нет,0,УЗ-4,.jpg
ПДнDataset/share/Выгрузки/Сайты/page_403.html,Нет,0,УЗ-4,.html
ПДнDataset/share/Выгрузки/Сайты/7640252_original.jpg,Нет,0,УЗ-4,.jpg
ПДнDataset/share/Выгрузки/Сайты/95864105-14463995-image-a-61_1741175972370.jpg,Нет,0,УЗ-4,.jpg
ПДнDataset/share/Выгрузки/Сайты/page_116.html,Нет,0,УЗ-4,.html
ПДнDataset/share/Выгрузки/Сайты/272820_original.jpg,Нет,0,УЗ-4,.jpg
ПДнDataset/share/Выгрузки/Сайты/page_268.html,Нет,0,УЗ-4,.html
ПДнDataset/share/Выгрузки/Сайты/page_60.html,Нет,0,УЗ-4,.html
ПДнDataset/share/Выгрузки/Сайты/1786746_800.jpg,Нет,0,УЗ-4,.jpg
ПДнDataset/share/Выгрузки/Сайты/15268_900.jpg,Нет,0,УЗ-4,.jpg
ПДнDataset/share/Выгрузки/Сайты/page_287.html,Нет,0,УЗ-4,.html
ПДнDataset/share/Выгрузки/Сайты/95607441-14438121-image-a-18_1740578958235.jpg,Нет,0,УЗ-4,.jpg
ПДнDataset/share/Выгрузки/Сайты/14437967_original.jpg,Нет,0,УЗ-4,.jpg
ПДнDataset/share/Выгрузки/Сайты/1780611_1000.jpg,Нет,0,УЗ-4,.jpg
ПДнDataset/share/Выгрузки/Сайты/b7e4ff8210a691ae86130db3f60356b3.jpg,Нет,0,УЗ-4,.jpg
ПДнDataset/share/Выгрузки/Сайты/360325_original.jpg,Нет,0,УЗ-4,.jpg
ПДнDataset/share/Выгрузки/Сайты/page_454.html,Нет,0,УЗ-4,.html
ПДнDataset/share/Выгрузки/Сайты/page_141.html,Нет,0,УЗ-4,.html
ПДнDataset/share/Выгрузки/Сайты/IMG_9976.jpg,Нет,0,УЗ-4,.jpg
ПДнDataset/share/Выгрузки/Сайты/837_2000.jpg,Нет,0,УЗ-4,.jpg
ПДнDataset/share/Выгрузки/Сайты/333849_original.jpg,Нет,0,УЗ-4,.jpg
ПДнDataset/share/Выгрузки/Сайты/140784_800.png,Нет,0,УЗ-4,.png
ПДнDataset/share/Выгрузки/Сайты/page_136.html,Нет,0,УЗ-4,.html
ПДнDataset/share/Выгрузки/Сайты/page_423.html,Нет,0,УЗ-4,.html
ПДнDataset/share/Выгрузки/Сайты/363645_original.jpg,Нет,0,УЗ-4,.jpg
ПДнDataset/share/Выгрузки/Сайты/17587_original.png,Нет,0,УЗ-4,.png
ПДнDataset/share/Выгрузки/Сайты/4027520_original.jpg,Нет,0,УЗ-4,.jpg
ПДнDataset/share/Выгрузки/Сайты/page_17.html,Нет,0,УЗ-4,.html
ПДнDataset/share/Выгрузки/Сайты/18049_900.jpg,Нет,0,УЗ-4,.jpg
ПДнDataset/share/Выгрузки/Сайты/page_161.html,Нет,0,УЗ-4,.html
ПДнDataset/share/Выгрузки/Сайты/609761_540.jpg,Нет,0,УЗ-4,.jpg
ПДнDataset/share/Выгрузки/Сайты/4164997_600.jpg,Нет,0,УЗ-4,.jpg
ПДнDataset/share/Выгрузки/Сайты/4514035_original.jpg,Нет,0,УЗ-4,.jpg
ПДнDataset/share/Выгрузки/Сайты/5036729_original.jpg,Нет,0,УЗ-4,.jpg
ПДнDataset/share/Выгрузки/Сайты/page_474.html,Нет,0,УЗ-4,.html
ПДнDataset/share/Выгрузки/Сайты/353296_original.jpg,Нет,0,УЗ-4,.jpg
ПДнDataset/share/Выгрузки/Сайты/95610809-14438121-image-a-72_1740583806445.jpg,Нет,0,УЗ-4,.jpg
ПДнDataset/share/Выгрузки/Сайты/page_248.html,Нет,0,УЗ-4,.html
ПДнDataset/share/Выгрузки/Сайты/page_40.html,Нет,0,УЗ-4,.html
ПДнDataset/share/Выгрузки/Сайты/page_177.html,Нет,0,УЗ-4,.html
ПДнDataset/share/Выгрузки/Сайты/17760_original.png,Нет,0,УЗ-4,.png
ПДнDataset/share/Выгрузки/Сайты/14434214_original.jpg,Нет,0,УЗ-4,.jpg
ПДнDataset/share/Выгрузки/Сайты/page_462.html,Нет,0,УЗ-4,.html
ПДнDataset/share/Выгрузки/Сайты/page_198.html,Нет,0,УЗ-4,.html
ПДнDataset/share/Выгрузки/Сайты/95608935-14438121-image-a-61_1740580940608.jpg,Нет,0,УЗ-4,.jpg
ПДнDataset/share/Выгрузки/Сайты/95612091-14438121-image-a-86_1740585245717.jpg,Нет,0,УЗ-4,.jpg
ПДнDataset/share/Выгрузки/Сайты/page_56.html,Нет,0,УЗ-4,.html
ПДнDataset/share/Выгрузки/Сайты/353024_original.jpg,Нет,0,УЗ-4,.jpg
ПДнDataset/share/Выгрузки/Сайты/page_120.html,Нет,0,УЗ-4,.html
ПДнDataset/share/Выгрузки/Сайты/352255_original.jpg,Нет,0,УЗ-4,.jpg
ПДнDataset/share/Выгрузки/Сайты/page_435.html,Нет,0,УЗ-4,.html
ПДнDataset/share/Выгрузки/Сайты/359066_original.jpg,Нет,0,УЗ-4,.jpg
ПДнDataset/share/Выгрузки/Сайты/7760_original.jpg,Нет,0,УЗ-4,.jpg
ПДнDataset/share/Выгрузки/Сайты/362681_original.jpg,Нет,0,УЗ-4,.jpg
ПДнDataset/share/Выгрузки/Сайты/1929784_300.jpg,Нет,0,УЗ-4,.jpg
ПДнDataset/share/Выгрузки/Сайты/page_209.html,Нет,0,УЗ-4,.html
ПДнDataset/share/Выгрузки/Сайты/121337_original.jpg,Нет,0,УЗ-4,.jpg
ПДнDataset/share/Выгрузки/Сайты/8037_900.jpg,Нет,0,УЗ-4,.jpg
ПДнDataset/share/Выгрузки/Сайты/4514075_original.jpg,Нет,0,УЗ-4,.jpg
ПДнDataset/share/Выгрузки/Сайты/page_272.html,Нет,0,УЗ-4,.html
ПДнDataset/share/Выгрузки/Сайты/68624_original.png,Нет,0,УЗ-4,.png
ПДнDataset/share/Выгрузки/Сайты/345012_original.jpg,Нет,0,УЗ-4,.jpg
ПДнDataset/share/Выгрузки/Сайты/122702_800.jpg,Нет,0,УЗ-4,.jpg
ПДнDataset/share/Выгрузки/Сайты/620410_600.png,Нет,0,УЗ-4,.png
ПДнDataset/share/Выгрузки/Сайты/631839_1000.jpg,Нет,0,УЗ-4,.jpg
ПДнDataset/share/Выгрузки/Сайты/95607223-14438121-image-a-7_1740578429564.jpg,Нет,0,УЗ-4,.jpg
ПДнDataset/share/Выгрузки/Сайты/page_95.html,Нет,0,УЗ-4,.html
ПДнDataset/share/Выгрузки/Сайты/page_337.html,Нет,0,УЗ-4,.html
ПДнDataset/share/Выгрузки/Сайты/page_419.html,Нет,0,УЗ-4,.html
ПДнDataset/share/Выгрузки/Сайты/14221001_600.jpg,Нет,0,УЗ-4,.jpg
ПДнDataset/share/Выгрузки/Сайты/363056_original.jpg,Нет,0,УЗ-4,.jpg
ПДнDataset/share/Выгрузки/Сайты/17254_900.jpg,Нет,0,УЗ-4,.jpg
ПДнDataset/share/Выгрузки/Сайты/95614877-14438121-image-a-112_1740588951175.jpg,Нет,0,УЗ-4,.jpg
ПДнDataset/share/Выгрузки/Сайты/4447_2000.jpg,Нет,0,УЗ-4,.jpg
ПДнDataset/share/Выгрузки/Сайты/2749218_600.jpg,Нет,0,УЗ-4,.jpg
ПДнDataset/share/Выгрузки/Сайты/6344_900.jpg,Нет,0,УЗ-4,.jpg
ПДнDataset/share/Выгрузки/Сайты/304364_original.jpg,Нет,0,УЗ-4,.jpg
ПДнDataset/share/Выгрузки/Сайты/page_225.html,Нет,0,УЗ-4,.html
ПДнDataset/share/Выгрузки/Сайты/315536_original.jpg,Нет,0,УЗ-4,.jpg
ПДнDataset/share/Выгрузки/Сайты/page_360.html,Нет,0,УЗ-4,.html
ПДнDataset/share/Выгрузки/Сайты/897328_800.png,Нет,0,УЗ-4,.png
ПДнDataset/share/Выгрузки/Сайты/277907_original.jpg,Нет,0,УЗ-4,.jpg
ПДнDataset/share/Выгрузки/Сайты/279696_original.jpg,Нет,0,УЗ-4,.jpg
ПДнDataset/share/Выгрузки/Сайты/page_399.html,Нет,0,УЗ-4,.html
ПДнDataset/share/Выгрузки/Сайты/page_233.html,Нет,0,УЗ-4,.html
ПДнDataset/share/Выгрузки/Сайты/c5b78fd2cac4cf400f2d4919e9906427.jpg,Нет,0,УЗ-4,.jpg
ПДнDataset/share/Выгрузки/Сайты/old-historic-photos-67bed8d3cfc24__700.jpg,Нет,0,УЗ-4,.jpg
ПДнDataset/share/Выгрузки/Сайты/page_376.html,Нет,0,УЗ-4,.html
ПДнDataset/share/Выгрузки/Сайты/1928653_300.jpg,Нет,0,УЗ-4,.jpg
ПДнDataset/share/Выгрузки/Сайты/page_458.html,Нет,0,УЗ-4,.html
ПДнDataset/share/Выгрузки/Сайты/6818_900.jpg,Нет,0,УЗ-4,.jpg
ПДнDataset/share/Выгрузки/Сайты/43315247_vROk6v5Fqq9GeJdt-3LhsQxTRzx6hf1KmeMcqFzzbdM.jpg,Нет,0,УЗ-4,.jpg
ПДнDataset/share/Выгрузки/Сайты/1a4d52da48968941e1b741c67a23b63c.jpg,Нет,0,УЗ-4,.jpg
ПДнDataset/share/Выгрузки/Сайты/46624_800.jpg,Нет,0,УЗ-4,.jpg
ПДнDataset/share/Выгрузки/Сайты/9427_900.jpg,Нет,0,УЗ-4,.jpg
ПДнDataset/share/Выгрузки/Сайты/page_264.html,Нет,0,УЗ-4,.html
ПДнDataset/share/Выгрузки/Сайты/2749688_600.jpg,Нет,0,УЗ-4,.jpg
ПДнDataset/share/Выгрузки/Сайты/page_321.html,Нет,0,УЗ-4,.html
ПДнDataset/share/Выгрузки/Сайты/page_83.html,Нет,0,УЗ-4,.html
ПДнDataset/share/Выгрузки/Сайты/47775_800.jpg,Нет,0,УЗ-4,.jpg
ПДнDataset/share/Выгрузки/Сайты/page_453.html,Нет,0,УЗ-4,.html
ПДнDataset/share/Выгрузки/Сайты/11169_900.jpg,Нет,0,УЗ-4,.jpg
ПДнDataset/share/Выгрузки/Сайты/14436850_original.jpg,Нет,0,УЗ-4,.jpg
ПДнDataset/share/Выгрузки/Сайты/350448_original.jpg,Нет,0,УЗ-4,.jpg
ПДнDataset/share/Выгрузки/Сайты/2750836_600.jpg,Нет,0,УЗ-4,.jpg
ПДнDataset/share/Выгрузки/Сайты/page_146.html,Нет,0,УЗ-4,.html
ПДнDataset/share/Выгрузки/Сайты/DSCF4632.jpg,Нет,0,УЗ-4,.jpg
ПДнDataset/share/Выгрузки/Сайты/237988_800.png,Нет,0,УЗ-4,.png
ПДнDataset/share/Выгрузки/Сайты/page_67.html,Нет,0,УЗ-4,.html
ПДнDataset/share/Выгрузки/Сайты/page_88.html,Нет,0,УЗ-4,.html
ПДнDataset/share/Выгрузки/Сайты/page_280.html,Нет,0,УЗ-4,.html
ПДнDataset/share/Выгрузки/Сайты/4155873_800.jpg,Нет,0,УЗ-4,.jpg
ПДнDataset/share/Выгрузки/Сайты/14443021_original.jpg,Нет,0,УЗ-4,.jpg
ПДнDataset/share/Выгрузки/Сайты/page_404.html,Нет,0,УЗ-4,.html
ПДнDataset/share/Выгрузки/Сайты/14352258_600.jpg,Нет,0,УЗ-4,.jpg
ПДнDataset/share/Выгрузки/Сайты/page_111.html,Нет,0,УЗ-4,.html
ПДнDataset/share/Выгрузки/Сайты/page_238.html,Нет,0,УЗ-4,.html
ПДнDataset/share/Выгрузки/Сайты/page_30.html,Нет,0,УЗ-4,.html
ПДнDataset/share/Выгрузки/Сайты/296355_original.jpg,Нет,0,УЗ-4,.jpg
ПДнDataset/share/Выгрузки/Сайты/27706_2000.jpg,Нет,0,УЗ-4,.jpg
ПДнDataset/share/Выгрузки/Сайты/page_392.html,Нет,0,УЗ-4,.html
ПДнDataset/share/Выгрузки/Сайты/14424346_original.jpg,Нет,0,УЗ-4,.jpg
ПДнDataset/share/Выгрузки/Сайты/122982_800.jpg,Нет,0,УЗ-4,.jpg
ПДнDataset/share/Выгрузки/Сайты/375892_original.jpg,Нет,0,УЗ-4,.jpg
ПДнDataset/share/Выгрузки/Сайты/29713_800.jpg,Нет,0,УЗ-4,.jpg
ПДнDataset/share/Выгрузки/Сайты/14465282_original.jpg,Нет,0,УЗ-4,.jpg
ПДнDataset/share/Выгрузки/Сайты/page_412.html,Нет,0,УЗ-4,.html
ПДнDataset/share/Выгрузки/Сайты/32674_original.png,Нет,0,УЗ-4,.png
ПДнDataset/share/Выгрузки/Сайты/95613525-14438121-image-a-107_1740587037264.jpg,Нет,0,УЗ-4,.jpg
ПДнDataset/share/Выгрузки/Сайты/3372_800.png,Нет,0,УЗ-4,.png
ПДнDataset/share/Выгрузки/Сайты/page_107.html,Нет,0,УЗ-4,.html
ПДнDataset/share/Выгрузки/Сайты/354324_original.jpg,Нет,0,УЗ-4,.jpg
ПДнDataset/share/Выгрузки/Сайты/33770_1000.jpg,Нет,0,УЗ-4,.jpg
ПДнDataset/share/Выгрузки/Сайты/364678_original.jpg,Нет,0,УЗ-4,.jpg
ПДнDataset/share/Выгрузки/Сайты/page_384.html,Нет,0,УЗ-4,.html
ПДнDataset/share/Выгрузки/Сайты/page_26.html,Нет,0,УЗ-4,.html
ПДнDataset/share/Выгрузки/Сайты/1076381_1000.png,Нет,0,УЗ-4,.png
ПДнDataset/share/Выгрузки/Сайты/page_445.html,Нет,0,УЗ-4,.html
ПДнDataset/share/Выгрузки/Сайты/page_150.html,Нет,0,УЗ-4,.html
ПДнDataset/share/Выгрузки/Сайты/499062_300.jpg,Нет,0,УЗ-4,.jpg
ПДнDataset/share/Выгрузки/Сайты/page_279.html,Нет,0,УЗ-4,.html
ПДнDataset/share/Выгрузки/Сайты/page_71.html,Нет,0,УЗ-4,.html
ПДнDataset/share/Выгрузки/Сайты/11875_2000.png,Нет,0,УЗ-4,.png
ПДнDataset/share/Выгрузки/Сайты/4154879_600.jpg,Нет,0,УЗ-4,.jpg
ПДнDataset/share/Выгрузки/Сайты/page_296.html,Нет,0,УЗ-4,.html
ПДнDataset/share/Выгрузки/Сайты/352812_original.jpg,Нет,0,УЗ-4,.jpg
ПДнDataset/share/Выгрузки/Сайты/143091_800.jpg,Нет,0,УЗ-4,.jpg
ПДнDataset/share/Выгрузки/Сайты/1364_2000.jpg,Нет,0,УЗ-4,.jpg
ПДнDataset/share/Выгрузки/Сайты/7641928_original.jpg,Нет,0,УЗ-4,.jpg
ПДнDataset/share/Выгрузки/Сайты/2798_2000.jpg,Нет,0,УЗ-4,.jpg
ПДнDataset/share/Выгрузки/Сайты/page_347.html,Нет,0,УЗ-4,.html
ПДнDataset/share/Выгрузки/Сайты/page_202.html,Нет,0,УЗ-4,.html
ПДнDataset/share/Выгрузки/Сайты/14468_original.png,Нет,0,УЗ-4,.png
ПДнDataset/share/Выгрузки/Сайты/4164499_800.jpg,Нет,0,УЗ-4,.jpg
ПДнDataset/share/Выгрузки/Сайты/page_486.html,Нет,0,УЗ-4,.html
ПДнDataset/share/Выгрузки/Сайты/14436998_original.jpg,Нет,0,УЗ-4,.jpg
ПДнDataset/share/Выгрузки/Сайты/364909_original.jpg,Нет,0,УЗ-4,.jpg
ПДнDataset/share/Выгрузки/Сайты/9925_900.jpg,Нет,0,УЗ-4,.jpg
ПДнDataset/share/Выгрузки/Сайты/page_469.html,Нет,0,УЗ-4,.html
ПДнDataset/share/Выгрузки/Сайты/4df30dc9fa05b38acf19dcd94e76c00f.jpg,Нет,0,УЗ-4,.jpg
ПДнDataset/share/Выгрузки/Сайты/page_193.html,Нет,0,УЗ-4,.html
ПДнDataset/share/Выгрузки/Сайты/360089_original.jpg,Нет,0,УЗ-4,.jpg
ПДнDataset/share/Выгрузки/Сайты/7373_original.jpg,Нет,0,УЗ-4,.jpg
ПДнDataset/share/Выгрузки/Сайты/page_310.html,Нет,0,УЗ-4,.html
ПДнDataset/share/Выгрузки/Сайты/12492400_original.png,Нет,0,УЗ-4,.png
ПДнDataset/share/Выгрузки/Сайты/page_255.html,Нет,0,УЗ-4,.html
ПДнDataset/share/Выгрузки/Сайты/14101_original.png,Нет,0,УЗ-4,.png
ПДнDataset/share/Выгрузки/Сайты/1445_800.jpg,Нет,0,УЗ-4,.jpg
ПДнDataset/share/Выгрузки/Сайты/366424_original.jpg,Нет,0,УЗ-4,.jpg
ПДнDataset/share/Выгрузки/Сайты/book21.jpg,Нет,0,УЗ-4,.jpg
ПДнDataset/share/Выгрузки/Сайты/9599366860_51da11cda6_o.jpg,Нет,0,УЗ-4,.jpg
ПДнDataset/share/Выгрузки/Сайты/page_185.html,Нет,0,УЗ-4,.html
ПДнDataset/share/Выгрузки/Сайты/893585_800.jpg,Нет,0,УЗ-4,.jpg
ПДнDataset/share/Выгрузки/Сайты/holder_alerts_bd_videocard.png,Нет,0,УЗ-4,.png
ПДнDataset/share/Выгрузки/Сайты/4141490_600.jpg,Нет,0,УЗ-4,.jpg
ПДнDataset/share/Выгрузки/Сайты/page_306.html,Нет,0,УЗ-4,.html
ПДнDataset/share/Выгрузки/Сайты/page_243.html,Нет,0,УЗ-4,.html
ПДнDataset/share/Выгрузки/Сайты/124909_800.jpg,Нет,0,УЗ-4,.jpg
ПДнDataset/share/Выгрузки/Сайты/5967_900.jpg,Нет,0,УЗ-4,.jpg
ПДнDataset/share/Выгрузки/Сайты/DSCF4182.jpg,Нет,0,УЗ-4,.jpg
ПДнDataset/share/Выгрузки/Сайты/12970_900.jpg,Нет,0,УЗ-4,.jpg
ПДнDataset/share/Выгрузки/Сайты/11773_original.jpg,Нет,0,УЗ-4,.jpg
ПДнDataset/share/Выгрузки/Сайты/page_428.html,Нет,0,УЗ-4,.html
ПДнDataset/share/Выгрузки/Сайты/11172_original.png,Нет,0,УЗ-4,.png
ПДнDataset/share/Выгрузки/Сайты/45545_800.jpg,Нет,0,УЗ-4,.jpg
ПДнDataset/share/Выгрузки/Сайты/page_351.html,Нет,0,УЗ-4,.html
ПДнDataset/share/Выгрузки/Сайты/372403_original.jpg,Нет,0,УЗ-4,.jpg
ПДнDataset/share/Выгрузки/Сайты/page_214.html,Нет,0,УЗ-4,.html
ПДнDataset/share/Выгрузки/Сайты/page_263.html,Нет,0,УЗ-4,.html
ПДнDataset/share/Выгрузки/Сайты/4978_900.jpg,Нет,0,УЗ-4,.jpg
ПДнDataset/share/Выгрузки/Сайты/121793_original.gif,Нет,0,УЗ-4,.gif
ПДнDataset/share/Выгрузки/Сайты/97377_540.png,Нет,0,УЗ-4,.png
ПДнDataset/share/Выгрузки/Сайты/360764_original.jpg,Нет,0,УЗ-4,.jpg
ПДнDataset/share/Выгрузки/Сайты/page_326.html,Нет,0,УЗ-4,.html
ПДнDataset/share/Выгрузки/Сайты/355597_original.jpg,Нет,0,УЗ-4,.jpg
ПДнDataset/share/Выгрузки/Сайты/16760_original.png,Нет,0,УЗ-4,.png
ПДнDataset/share/Выгрузки/Сайты/page_84.html,Нет,0,УЗ-4,.html
ПДнDataset/share/Выгрузки/Сайты/281391_original.jpg,Нет,0,УЗ-4,.jpg
ПДнDataset/share/Выгрузки/Сайты/891151_original.jpg,Нет,0,УЗ-4,.jpg
ПДнDataset/share/Выгрузки/Сайты/2900895_1000.jpg,Нет,0,УЗ-4,.jpg
ПДнDataset/share/Выгрузки/Сайты/2756832_600.jpg,Нет,0,УЗ-4,.jpg
ПДнDataset/share/Выгрузки/Сайты/page_234.html,Нет,0,УЗ-4,.html
ПДнDataset/share/Выгрузки/Сайты/page_371.html,Нет,0,УЗ-4,.html
ПДнDataset/share/Выгрузки/Сайты/1046ac88c1624f0bf3ffba06eb11fb58816bb742.png,Нет,0,УЗ-4,.png
ПДнDataset/share/Выгрузки/Сайты/7974_900.png,Нет,0,УЗ-4,.png
ПДнDataset/share/Выгрузки/Сайты/page_408.html,Нет,0,УЗ-4,.html
ПДнDataset/share/Выгрузки/Сайты/95608053-14438121-image-a-36_1740580030157.jpg,Нет,0,УЗ-4,.jpg
ПДнDataset/share/Выгрузки/Сайты/2755956_600.jpg,Нет,0,УЗ-4,.jpg
ПДнDataset/share/Выгрузки/Сайты/page_222.html,Нет,0,УЗ-4,.html
ПДнDataset/share/Выгрузки/Сайты/page_388.html,Нет,0,УЗ-4,.html
ПДнDataset/share/Выгрузки/Сайты/271218_original.jpg,Нет,0,УЗ-4,.jpg
ПДнDataset/share/Выгрузки/Сайты/14632369_original.jpg,Нет,0,УЗ-4,.jpg
ПДнDataset/share/Выгрузки/Сайты/12527_900.jpg,Нет,0,УЗ-4,.jpg
ПДнDataset/share/Выгрузки/Сайты/page_367.html,Нет,0,УЗ-4,.html
ПДнDataset/share/Выгрузки/Сайты/95607219-14438121-image-a-4_1740578398179.jpg,Нет,0,УЗ-4,.jpg
ПДнDataset/share/Выгрузки/Сайты/144413_800.jpg,Нет,0,УЗ-4,.jpg
ПДнDataset/share/Выгрузки/Сайты/40971_800.png,Нет,0,УЗ-4,.png
ПДнDataset/share/Выгрузки/Сайты/95606431-14438121-This_is_a_delicious_traditional_sweet_using_flour_sugar_spices_b-a-17_1740576465261.jpg,Нет,0,УЗ-4,.jpg
ПДнDataset/share/Выгрузки/Сайты/page_275.html,Нет,0,УЗ-4,.html
ПДнDataset/share/Выгрузки/Сайты/page_92.html,Нет,0,УЗ-4,.html
ПДнDataset/share/Выгрузки/Сайты/page_330.html,Нет,0,УЗ-4,.html
ПДнDataset/share/Выгрузки/Сайты/4aed48cb2f8ed96a8609218247d6c54b.jpg,Нет,0,УЗ-4,.jpg
ПДнDataset/share/Выгрузки/Сайты/123716_800.jpg,Нет,0,УЗ-4,.jpg
ПДнDataset/share/Выгрузки/Сайты/page_449.html,Нет,0,УЗ-4,.html
ПДнDataset/share/Выгрузки/Сайты/10286_900.jpg,Нет,0,УЗ-4,.jpg
ПДнDataset/share/Выгрузки/Сайты/95612087-14438121-image-a-84_1740585228444.jpg,Нет,0,УЗ-4,.jpg
ПДнDataset/share/Выгрузки/Сайты/11389_800.png,Нет,0,УЗ-4,.png
ПДнDataset/share/Выгрузки/Сайты/d62b6e56b47dfb4a31ced6596bf2af56.jpg,Нет,0,УЗ-4,.jpg
ПДнDataset/share/Выгрузки/Сайты/19298_900.jpg,Нет,0,УЗ-4,.jpg
ПДнDataset/share/Выгрузки/Сайты/316366_original.png,Нет,0,УЗ-4,.png
ПДнDataset/share/Выгрузки/Сайты/118330_800.jpg,Нет,0,УЗ-4,.jpg
ПДнDataset/share/Выгрузки/Сайты/95870751-14464719-image-a-110_1741189581793.jpg,Нет,0,УЗ-4,.jpg
ПДнDataset/share/Выгрузки/Сайты/14632765_original.jpg,Нет,0,УЗ-4,.jpg
ПДнDataset/share/Выгрузки/Сайты/12049_900.jpg,Нет,0,УЗ-4,.jpg
ПДнDataset/share/Выгрузки/Сайты/etiketka_mineralnaja_voda_mirgorodskaja.jpg,Нет,0,УЗ-4,.jpg
ПДнDataset/share/Выгрузки/Сайты/page_127.html,Нет,0,УЗ-4,.html
ПДнDataset/share/Выгрузки/Сайты/95606753-14438121-image-a-36_1740577243140.jpg,Нет,0,УЗ-4,.jpg
ПДнDataset/share/Выгрузки/Сайты/f6aa8b15a2decef9be8a424c2f0fc38d.jpg,Нет,0,УЗ-4,.jpg
ПДнDataset/share/Выгрузки/Сайты/page_432.html,Нет,0,УЗ-4,.html
ПДнDataset/share/Выгрузки/Сайты/361422_original.jpg,Нет,0,УЗ-4,.jpg
ПДнDataset/share/Выгрузки/Сайты/1140_2000.jpg,Нет,0,УЗ-4,.jpg
ПДнDataset/share/Выгрузки/Сайты/10261_800.png,Нет,0,УЗ-4,.png
ПДнDataset/share/Выгрузки/Сайты/page_259.html,Нет,0,УЗ-4,.html
ПДнDataset/share/Выгрузки/Сайты/page_51.html,Нет,0,УЗ-4,.html
ПДнDataset/share/Выгрузки/Сайты/17862_900.jpg,Нет,0,УЗ-4,.jpg
ПДнDataset/share/Выгрузки/Сайты/page_170.html,Нет,0,УЗ-4,.html
ПДнDataset/share/Выгрузки/Сайты/4147651_600.jpg,Нет,0,УЗ-4,.jpg
ПДнDataset/share/Выгрузки/Сайты/630666_1000.jpg,Нет,0,УЗ-4,.jpg
ПДнDataset/share/Выгрузки/Сайты/125990_800.jpg,Нет,0,УЗ-4,.jpg
ПДнDataset/share/Выгрузки/Сайты/page_465.html,Нет,0,УЗ-4,.html
ПДнDataset/share/Выгрузки/Сайты/14424619_original.jpg,Нет,0,УЗ-4,.jpg
ПДнDataset/share/Выгрузки/Сайты/95610813-14438121-image-a-71_1740583803203.jpg,Нет,0,УЗ-4,.jpg
ПДнDataset/share/Выгрузки/Сайты/page_166.html,Нет,0,УЗ-4,.html
ПДнDataset/share/Выгрузки/Сайты/page_473.html,Нет,0,УЗ-4,.html
ПДнDataset/share/Выгрузки/Сайты/page_189.html,Нет,0,УЗ-4,.html
ПДнDataset/share/Выгрузки/Сайты/d3fcc44e1a942878dddbb351dbd9a5d9.jpg,Нет,0,УЗ-4,.jpg
ПДнDataset/share/Выгрузки/Сайты/15750_900.jpg,Нет,0,УЗ-4,.jpg
ПДнDataset/share/Выгрузки/Сайты/278270_original.jpg,Нет,0,УЗ-4,.jpg
ПДнDataset/share/Выгрузки/Сайты/page_218.html,Нет,0,УЗ-4,.html
ПДнDataset/share/Выгрузки/Сайты/95608045-14438121-image-a-38_1740580100949.jpg,Нет,0,УЗ-4,.jpg
ПДнDataset/share/Выгрузки/Сайты/page_10.html,Нет,0,УЗ-4,.html
ПДнDataset/share/Выгрузки/Сайты/75e04730e60ee7c22e590e647ab7b1f2.jpg,Нет,0,УЗ-4,.jpg
ПДнDataset/share/Выгрузки/Сайты/page_131.html,Нет,0,УЗ-4,.html
ПДнDataset/share/Выгрузки/Сайты/354897_original.jpg,Нет,0,УЗ-4,.jpg
ПДнDataset/share/Выгрузки/Сайты/8905_900.jpg,Нет,0,УЗ-4,.jpg
ПДнDataset/share/Выгрузки/Сайты/95612761-14438121-image-a-105_1740586124929.jpg,Нет,0,УЗ-4,.jpg
ПДнDataset/share/Выгрузки/Сайты/9596_900.jpg,Нет,0,УЗ-4,.jpg
ПДнDataset/share/Выгрузки/Сайты/page_424.html,Нет,0,УЗ-4,.html
ПДнDataset/share/Выгрузки/Сайты/page_130.html,Нет,0,УЗ-4,.html
ПДнDataset/share/Выгрузки/Сайты/95606381-14438121-Arriving_in_the_nation_via_train_the_royal_couple_s_Instagram_ac-a-110_1740588283908.jpg,Нет,0,УЗ-4,.jpg
ПДнDataset/share/Выгрузки/Сайты/informer.jpg,Нет,0,УЗ-4,.jpg
ПДнDataset/share/Выгрузки/Сайты/page_425.html,Нет,0,УЗ-4,.html
ПДнDataset/share/Выгрузки/Сайты/95607439-14438121-image-a-17_1740578923771.jpg,Нет,0,УЗ-4,.jpg
ПДнDataset/share/Выгрузки/Сайты/120769_800.png,Нет,0,УЗ-4,.png
ПДнDataset/share/Выгрузки/Сайты/143166_1000.jpg,Нет,0,УЗ-4,.jpg
ПДнDataset/share/Выгрузки/Сайты/page_219.html,Нет,0,УЗ-4,.html
ПДнDataset/share/Выгрузки/Сайты/198649_800.jpg,Нет,0,УЗ-4,.jpg
ПДнDataset/share/Выгрузки/Сайты/page_11.html,Нет,0,УЗ-4,.html
ПДнDataset/share/Выгрузки/Сайты/1462_800.png,Нет,0,УЗ-4,.png
ПДнDataset/share/Выгрузки/Сайты/122545_original.jpg,Нет,0,УЗ-4,.jpg
ПДнDataset/share/Выгрузки/Сайты/page_167.html,Нет,0,УЗ-4,.html
ПДнDataset/share/Выгрузки/Сайты/2758318_600.png,Нет,0,УЗ-4,.png
ПДнDataset/share/Выгрузки/Сайты/page_472.html,Нет,0,УЗ-4,.html
ПДнDataset/share/Выгрузки/Сайты/page_188.html,Нет,0,УЗ-4,.html
ПДнDataset/share/Выгрузки/Сайты/371677_original.jpg,Нет,0,УЗ-4,.jpg
ПДнDataset/share/Выгрузки/Сайты/46824575e071c4a1ec91a04e4caadd71.jpg,Нет,0,УЗ-4,.jpg
ПДнDataset/share/Выгрузки/Сайты/page_46.html,Нет,0,УЗ-4,.html
ПДнDataset/share/Выгрузки/Сайты/page_171.html,Нет,0,УЗ-4,.html
ПДнDataset/share/Выгрузки/Сайты/334292_original.jpg,Нет,0,УЗ-4,.jpg
ПДнDataset/share/Выгрузки/Сайты/logo82x33.png,Нет,0,УЗ-4,.png
ПДнDataset/share/Выгрузки/Сайты/fc408a595487f2c954e0fdb8ca8f0b2f.jpg,Нет,0,УЗ-4,.jpg
ПДнDataset/share/Выгрузки/Сайты/9022_900.jpg,Нет,0,УЗ-4,.jpg
ПДнDataset/share/Выгрузки/Сайты/page_464.html,Нет,0,УЗ-4,.html
ПДнDataset/share/Выгрузки/Сайты/14437887_original.jpg,Нет,0,УЗ-4,.jpg
ПДнDataset/share/Выгрузки/Сайты/121454_800.jpg,Нет,0,УЗ-4,.jpg
ПДнDataset/share/Выгрузки/Сайты/page_258.html,Нет,0,УЗ-4,.html
ПДнDataset/share/Выгрузки/Сайты/page_50.html,Нет,0,УЗ-4,.html
ПДнDataset/share/Выгрузки/Сайты/121369_800.jpg,Нет,0,УЗ-4,.jpg
ПДнDataset/share/Выгрузки/Сайты/120431_original.png,Нет,0,УЗ-4,.png
ПДнDataset/share/Выгрузки/Сайты/11734_900.jpg,Нет,0,УЗ-4,.jpg
ПДнDataset/share/Выгрузки/Сайты/14437272_original.jpg,Нет,0,УЗ-4,.jpg
ПДнDataset/share/Выгрузки/Сайты/page_126.html,Нет,0,УЗ-4,.html
ПДнDataset/share/Выгрузки/Сайты/page_433.html,Нет,0,УЗ-4,.html
ПДнDataset/share/Выгрузки/Сайты/46086_800.jpg,Нет,0,УЗ-4,.jpg
ПДнDataset/share/Выгрузки/Сайты/6424_2000.jpg,Нет,0,УЗ-4,.jpg
ПДнDataset/share/Выгрузки/Сайты/619893_600.png,Нет,0,УЗ-4,.png
ПДнDataset/share/Выгрузки/Сайты/page_448.html,Нет,0,УЗ-4,.html
ПДнDataset/share/Выгрузки/Сайты/119308_800.png,Нет,0,УЗ-4,.png
ПДнDataset/share/Выгрузки/Сайты/46418bb73022a1ee1eca067651bd1ece.jpg,Нет,0,УЗ-4,.jpg
ПДнDataset/share/Выгрузки/Сайты/310945_original.jpg,Нет,0,УЗ-4,.jpg
ПДнDataset/share/Выгрузки/Сайты/page_274.html,Нет,0,УЗ-4,.html
ПДнDataset/share/Выгрузки/Сайты/page_93.html,Нет,0,УЗ-4,.html
ПДнDataset/share/Выгрузки/Сайты/page_331.html,Нет,0,УЗ-4,.html
ПДнDataset/share/Выгрузки/Сайты/11199_2000.png,Нет,0,УЗ-4,.png
ПДнDataset/share/Выгрузки/Сайты/7264_900.png,Нет,0,УЗ-4,.png
ПДнDataset/share/Выгрузки/Сайты/95608479-14438121-image-a-54_1740580451978.jpg,Нет,0,УЗ-4,.jpg
ПДнDataset/share/Выгрузки/Сайты/0701773238d6e3cd0d9015b3067bbd4d.jpg,Нет,0,УЗ-4,.jpg
ПДнDataset/share/Выгрузки/Сайты/9773_original.jpg,Нет,0,УЗ-4,.jpg
ПДнDataset/share/Выгрузки/Сайты/977216_600.jpg,Нет,0,УЗ-4,.jpg
ПДнDataset/share/Выгрузки/Сайты/15059_original.png,Нет,0,УЗ-4,.png
ПДнDataset/share/Выгрузки/Сайты/15455_900.jpg,Нет,0,УЗ-4,.jpg
ПДнDataset/share/Выгрузки/Сайты/page_223.html,Нет,0,УЗ-4,.html
ПДнDataset/share/Выгрузки/Сайты/page_389.html,Нет,0,УЗ-4,.html
ПДнDataset/share/Выгрузки/Сайты/95608059-14438121-image-a-41_1740580131238.jpg,Нет,0,УЗ-4,.jpg
ПДнDataset/share/Выгрузки/Сайты/298141_original.jpg,Нет,0,УЗ-4,.jpg
ПДнDataset/share/Выгрузки/Сайты/260101_original.jpg,Нет,0,УЗ-4,.jpg
ПДнDataset/share/Выгрузки/Сайты/page_366.html,Нет,0,УЗ-4,.html
ПДнDataset/share/Выгрузки/Сайты/95607233-14438121-image-a-13_1740578472152.jpg,Нет,0,УЗ-4,.jpg
ПДнDataset/share/Выгрузки/Сайты/page_409.html,Нет,0,УЗ-4,.html
ПДнDataset/share/Выгрузки/Сайты/14438204_original.jpg,Нет,0,УЗ-4,.jpg
ПДнDataset/share/Выгрузки/Сайты/8672_800.png,Нет,0,УЗ-4,.png
ПДнDataset/share/Выгрузки/Сайты/926386_original.jpg,Нет,0,УЗ-4,.jpg
ПДнDataset/share/Выгрузки/Сайты/10177_900.jpg,Нет,0,УЗ-4,.jpg
ПДнDataset/share/Выгрузки/Сайты/2068_800.jpg,Нет,0,УЗ-4,.jpg
ПДнDataset/share/Выгрузки/Сайты/page_235.html,Нет,0,УЗ-4,.html
ПДнDataset/share/Выгрузки/Сайты/page_370.html,Нет,0,УЗ-4,.html
ПДнDataset/share/Выгрузки/Сайты/634753_1000.jpg,Нет,0,УЗ-4,.jpg
ПДнDataset/share/Выгрузки/Сайты/375081_original.jpg,Нет,0,УЗ-4,.jpg
ПДнDataset/share/Выгрузки/Сайты/3013_2000.jpg,Нет,0,УЗ-4,.jpg
ПДнDataset/share/Выгрузки/Сайты/0_a6315_aaf0ed1a_XL.jpg,Нет,0,УЗ-4,.jpg
ПДнDataset/share/Выгрузки/Сайты/I-capture-the-beautiful-winter-in-the-northern-part-of-Sweden-5c753b5580ec8__700.jpg,Нет,0,УЗ-4,.jpg
ПДнDataset/share/Выгрузки/Сайты/262_2000.jpg,Нет,0,УЗ-4,.jpg
ПДнDataset/share/Выгрузки/Сайты/364080_original.jpg,Нет,0,УЗ-4,.jpg
ПДнDataset/share/Выгрузки/Сайты/page_262.html,Нет,0,УЗ-4,.html
ПДнDataset/share/Выгрузки/Сайты/25f7c1e2cb562d71bc33c6d48de16431.jpg,Нет,0,УЗ-4,.jpg
ПДнDataset/share/Выгрузки/Сайты/311402_original.jpg,Нет,0,УЗ-4,.jpg
ПДнDataset/share/Выгрузки/Сайты/4345975_original.jpg,Нет,0,УЗ-4,.jpg
ПДнDataset/share/Выгрузки/Сайты/95607231-14438121-image-a-12_1740578464680.jpg,Нет,0,УЗ-4,.jpg
ПДнDataset/share/Выгрузки/Сайты/0_cfd27_ad5e0b81_XXL.jpg,Нет,0,УЗ-4,.jpg
ПДнDataset/share/Выгрузки/Сайты/page_327.html,Нет,0,УЗ-4,.html
ПДнDataset/share/Выгрузки/Сайты/page_85.html,Нет,0,УЗ-4,.html
ПДнDataset/share/Выгрузки/Сайты/page_350.html,Нет,0,УЗ-4,.html
ПДнDataset/share/Выгрузки/Сайты/357732_original.jpg,Нет,0,УЗ-4,.jpg
ПДнDataset/share/Выгрузки/Сайты/632254_1000.jpg,Нет,0,УЗ-4,.jpg
ПДнDataset/share/Выгрузки/Сайты/page_215.html,Нет,0,УЗ-4,.html
ПДнDataset/share/Выгрузки/Сайты/11003_800.png,Нет,0,УЗ-4,.png
ПДнDataset/share/Выгрузки/Сайты/321257_1000.png,Нет,0,УЗ-4,.png
ПДнDataset/share/Выгрузки/Сайты/3944_900.jpg,Нет,0,УЗ-4,.jpg
ПДнDataset/share/Выгрузки/Сайты/631266_1000.jpg,Нет,0,УЗ-4,.jpg
ПДнDataset/share/Выгрузки/Сайты/page_429.html,Нет,0,УЗ-4,.html
ПДнDataset/share/Выгрузки/Сайты/s0r7z1tue7x7re5v3y.jpg,Нет,0,УЗ-4,.jpg
ПДнDataset/share/Выгрузки/Сайты/6052955_original.jpg,Нет,0,УЗ-4,.jpg
ПДнDataset/share/Выгрузки/Сайты/54bf4e7c258f1b85df7b02cfbe538bd6.jpg,Нет,0,УЗ-4,.jpg
ПДнDataset/share/Выгрузки/Сайты/14435207_original.jpg,Нет,0,УЗ-4,.jpg
ПДнDataset/share/Выгрузки/Сайты/page_307.html,Нет,0,УЗ-4,.html
ПДнDataset/share/Выгрузки/Сайты/page_242.html,Нет,0,УЗ-4,.html
ПДнDataset/share/Выгрузки/Сайты/344806_original.jpg,Нет,0,УЗ-4,.jpg
ПДнDataset/share/Выгрузки/Сайты/352714_original.jpg,Нет,0,УЗ-4,.jpg
ПДнDataset/share/Выгрузки/Сайты/4344978_original.jpg,Нет,0,УЗ-4,.jpg
ПДнDataset/share/Выгрузки/Сайты/894612_original.jpg,Нет,0,УЗ-4,.jpg
ПДнDataset/share/Выгрузки/Сайты/1317491_800.jpg,Нет,0,УЗ-4,.jpg
ПДнDataset/share/Выгрузки/Сайты/IMG_5308.jpg,Нет,0,УЗ-4,.jpg
ПДнDataset/share/Выгрузки/Сайты/page_184.html,Нет,0,УЗ-4,.html
ПДнDataset/share/Выгрузки/Сайты/277536_original.jpg,Нет,0,УЗ-4,.jpg
ПДнDataset/share/Выгрузки/Сайты/page_311.html,Нет,0,УЗ-4,.html
ПДнDataset/share/Выгрузки/Сайты/121698_800.jpg,Нет,0,УЗ-4,.jpg
ПДнDataset/share/Выгрузки/Сайты/1927996_300.jpg,Нет,0,УЗ-4,.jpg
ПДнDataset/share/Выгрузки/Сайты/26880_800.jpg,Нет,0,УЗ-4,.jpg
ПДнDataset/share/Выгрузки/Сайты/page_254.html,Нет,0,УЗ-4,.html
ПДнDataset/share/Выгрузки/Сайты/7417_900.jpg,Нет,0,УЗ-4,.jpg
ПДнDataset/share/Выгрузки/Сайты/260922_original.jpg,Нет,0,УЗ-4,.jpg
ПДнDataset/share/Выгрузки/Сайты/page_468.html,Нет,0,УЗ-4,.html
ПДнDataset/share/Выгрузки/Сайты/page_192.html,Нет,0,УЗ-4,.html
ПДнDataset/share/Выгрузки/Сайты/page_346.html,Нет,0,УЗ-4,.html
ПДнDataset/share/Выгрузки/Сайты/6706638_original.jpg,Нет,0,УЗ-4,.jpg
ПДнDataset/share/Выгрузки/Сайты/276740_original.jpg,Нет,0,УЗ-4,.jpg
ПДнDataset/share/Выгрузки/Сайты/page_203.html,Нет,0,УЗ-4,.html
ПДнDataset/share/Выгрузки/Сайты/369547_original.jpg,Нет,0,УЗ-4,.jpg
ПДнDataset/share/Выгрузки/Сайты/3938_2000.jpg,Нет,0,УЗ-4,.jpg
ПДнDataset/share/Выгрузки/Сайты/11170946_1000.jpg,Нет,0,УЗ-4,.jpg
ПДнDataset/share/Выгрузки/Сайты/page_1.html,Нет,0,УЗ-4,.html
ПДнDataset/share/Выгрузки/Сайты/page_278.html,Нет,0,УЗ-4,.html
ПДнDataset/share/Выгрузки/Сайты/page_70.html,Нет,0,УЗ-4,.html
ПДнDataset/share/Выгрузки/Сайты/9534_800.png,Нет,0,УЗ-4,.png
ПДнDataset/share/Выгрузки/Сайты/7644560_original.jpg,Нет,0,УЗ-4,.jpg
ПДнDataset/share/Выгрузки/Сайты/322568_1000.png,Нет,0,УЗ-4,.png
ПДнDataset/share/Выгрузки/Сайты/63223.jpg,Нет,0,УЗ-4,.jpg
ПДнDataset/share/Выгрузки/Сайты/dTxtHF9uF1M.png,Нет,0,УЗ-4,.png
ПДнDataset/share/Выгрузки/Сайты/48212_800.jpg,Нет,0,УЗ-4,.jpg
ПДнDataset/share/Выгрузки/Сайты/page_297.html,Нет,0,УЗ-4,.html
ПДнDataset/share/Выгрузки/Сайты/page_444.html,Нет,0,УЗ-4,.html
ПДнDataset/share/Выгрузки/Сайты/95608575-14438121-image-a-58_1740580590402.jpg,Нет,0,УЗ-4,.jpg
ПДнDataset/share/Выгрузки/Сайты/page_151.html,Нет,0,УЗ-4,.html
ПДнDataset/share/Выгрузки/Сайты/48649_800.jpg,Нет,0,УЗ-4,.jpg
ПДнDataset/share/Выгрузки/Сайты/355965_original.jpg,Нет,0,УЗ-4,.jpg
ПДнDataset/share/Выгрузки/Сайты/16111_900.jpg,Нет,0,УЗ-4,.jpg
ПДнDataset/share/Выгрузки/Сайты/318528_1000.png,Нет,0,УЗ-4,.png
ПДнDataset/share/Выгрузки/Сайты/page_385.html,Нет,0,УЗ-4,.html
ПДнDataset/share/Выгрузки/Сайты/page_27.html,Нет,0,УЗ-4,.html
ПДнDataset/share/Выгрузки/Сайты/16167_original.png,Нет,0,УЗ-4,.png
ПДнDataset/share/Выгрузки/Сайты/4514035_900.jpg,Нет,0,УЗ-4,.jpg
ПДнDataset/share/Выгрузки/Сайты/6918_900.jpg,Нет,0,УЗ-4,.jpg
ПДнDataset/share/Выгрузки/Сайты/1618832160_varnica.jpg,Нет,0,УЗ-4,.jpg
ПДнDataset/share/Выгрузки/Сайты/page_413.html,Нет,0,УЗ-4,.html
ПДнDataset/share/Выгрузки/Сайты/4141654_600.jpg,Нет,0,УЗ-4,.jpg
ПДнDataset/share/Выгрузки/Сайты/1435504454.jpg,Нет,0,УЗ-4,.jpg
ПДнDataset/share/Выгрузки/Сайты/3110_2000.jpg,Нет,0,УЗ-4,.jpg
ПДнDataset/share/Выгрузки/Сайты/page_106.html,Нет,0,УЗ-4,.html
ПДнDataset/share/Выгрузки/Сайты/3559805_original.jpg,Нет,0,УЗ-4,.jpg
ПДнDataset/share/Выгрузки/Сайты/page_239.html,Нет,0,УЗ-4,.html
ПДнDataset/share/Выгрузки/Сайты/896095_600.png,Нет,0,УЗ-4,.png
ПДнDataset/share/Выгрузки/Сайты/page_31.html,Нет,0,УЗ-4,.html
ПДнDataset/share/Выгрузки/Сайты/page_393.html,Нет,0,УЗ-4,.html
ПДнDataset/share/Выгрузки/Сайты/67883_original.png,Нет,0,УЗ-4,.png
ПДнDataset/share/Выгрузки/Сайты/8404_900.jpg,Нет,0,УЗ-4,.jpg
ПДнDataset/share/Выгрузки/Сайты/351987_original.jpg,Нет,0,УЗ-4,.jpg
ПДнDataset/share/Выгрузки/Сайты/95608055-14438121-image-a-35_1740579974663.jpg,Нет,0,УЗ-4,.jpg
ПДнDataset/share/Выгрузки/Сайты/324944_1000.png,Нет,0,УЗ-4,.png
ПДнDataset/share/Выгрузки/Сайты/0.gif,Нет,0,УЗ-4,.gif
ПДнDataset/share/Выгрузки/Сайты/page_405.html,Нет,0,УЗ-4,.html
ПДнDataset/share/Выгрузки/Сайты/page_110.html,Нет,0,УЗ-4,.html
ПДнDataset/share/Выгрузки/Сайты/654529.jpg,Нет,0,УЗ-4,.jpg
ПДнDataset/share/Выгрузки/Сайты/I-cI-hyWOi0.png,Нет,0,УЗ-4,.png
ПДнDataset/share/Выгрузки/Сайты/7644179_original.jpg,Нет,0,УЗ-4,.jpg
ПДнDataset/share/Выгрузки/Сайты/page_66.html,Нет,0,УЗ-4,.html
ПДнDataset/share/Выгрузки/Сайты/page_89.html,Нет,0,УЗ-4,.html
ПДнDataset/share/Выгрузки/Сайты/page_281.html,Нет,0,УЗ-4,.html
ПДнDataset/share/Выгрузки/Сайты/4514444_original.jpg,Нет,0,УЗ-4,.jpg
ПДнDataset/share/Выгрузки/Сайты/620529_original.png,Нет,0,УЗ-4,.png
ПДнDataset/share/Выгрузки/Сайты/page_452.html,Нет,0,УЗ-4,.html
ПДнDataset/share/Выгрузки/Сайты/39277_1000.png,Нет,0,УЗ-4,.png
ПДнDataset/share/Выгрузки/Сайты/page_147.html,Нет,0,УЗ-4,.html
ПДнDataset/share/Выгрузки/Сайты/4344668_original.jpg,Нет,0,УЗ-4,.jpg
ПДнDataset/share/Выгрузки/Сайты/page_216.html,Нет,0,УЗ-4,.html
ПДнDataset/share/Выгрузки/Сайты/page_353.html,Нет,0,УЗ-4,.html
ПДнDataset/share/Выгрузки/Сайты/17610_900.jpg,Нет,0,УЗ-4,.jpg
ПДнDataset/share/Выгрузки/Сайты/121681_600.png,Нет,0,УЗ-4,.png
ПДнDataset/share/Выгрузки/Сайты/page_241.html,Нет,0,УЗ-4,.html
ПДнDataset/share/Выгрузки/Сайты/269251_original.jpg,Нет,0,УЗ-4,.jpg
ПДнDataset/share/Выгрузки/Сайты/page_49.html,Нет,0,УЗ-4,.html
ПДнDataset/share/Выгрузки/Сайты/2749851_600.jpg,Нет,0,УЗ-4,.jpg
ПДнDataset/share/Выгрузки/Сайты/page_304.html,Нет,0,УЗ-4,.html
ПДнDataset/share/Выгрузки/Сайты/page_187.html,Нет,0,УЗ-4,.html
ПДнDataset/share/Выгрузки/Сайты/DSCF0844.jpg,Нет,0,УЗ-4,.jpg
ПДнDataset/share/Выгрузки/Сайты/357900_original.jpg,Нет,0,УЗ-4,.jpg
ПДнDataset/share/Выгрузки/Сайты/14438819_original.jpg,Нет,0,УЗ-4,.jpg
ПДнDataset/share/Выгрузки/Сайты/data_rss.gif,Нет,0,УЗ-4,.gif
ПДнDataset/share/Выгрузки/Сайты/c23e75z8yehiways53.jpg,Нет,0,УЗ-4,.jpg
ПДнDataset/share/Выгрузки/Сайты/272365_original.jpg,Нет,0,УЗ-4,.jpg
ПДнDataset/share/Выгрузки/Сайты/320900_1000.jpg,Нет,0,УЗ-4,.jpg
ПДнDataset/share/Выгрузки/Сайты/page_168.html,Нет,0,УЗ-4,.html
ПДнDataset/share/Выгрузки/Сайты/1926844_300.jpg,Нет,0,УЗ-4,.jpg
ПДнDataset/share/Выгрузки/Сайты/page_257.html,Нет,0,УЗ-4,.html
ПДнDataset/share/Выгрузки/Сайты/145296_800.jpg,Нет,0,УЗ-4,.jpg
ПДнDataset/share/Выгрузки/Сайты/95608439-14438121-image-a-52_1740580424572.jpg,Нет,0,УЗ-4,.jpg
ПДнDataset/share/Выгрузки/Сайты/DSC02636.jpg,Нет,0,УЗ-4,.jpg
ПДнDataset/share/Выгрузки/Сайты/page_312.html,Нет,0,УЗ-4,.html
ПДнDataset/share/Выгрузки/Сайты/122617_800.jpg,Нет,0,УЗ-4,.jpg
ПДнDataset/share/Выгрузки/Сайты/page_191.html,Нет,0,УЗ-4,.html
ПДнDataset/share/Выгрузки/Сайты/page_484.html,Нет,0,УЗ-4,.html
ПДнDataset/share/Выгрузки/Сайты/117301_800.jpg,Нет,0,УЗ-4,.jpg
ПДнDataset/share/Выгрузки/Сайты/4164203_800.jpg,Нет,0,УЗ-4,.jpg
ПДнDataset/share/Выгрузки/Сайты/321881_original.jpg,Нет,0,УЗ-4,.jpg
ПДнDataset/share/Выгрузки/Сайты/page_200.html,Нет,0,УЗ-4,.html
ПДнDataset/share/Выгрузки/Сайты/page_345.html,Нет,0,УЗ-4,.html
ПДнDataset/share/Выгрузки/Сайты/page_2.html,Нет,0,УЗ-4,.html
ПДнDataset/share/Выгрузки/Сайты/13628_900.jpg,Нет,0,УЗ-4,.jpg
ПДнDataset/share/Выгрузки/Сайты/142264_1000.jpg,Нет,0,УЗ-4,.jpg
ПДнDataset/share/Выгрузки/Сайты/1778109_1000.jpg,Нет,0,УЗ-4,.jpg
ПДнDataset/share/Выгрузки/Сайты/630870_1000.jpg,Нет,0,УЗ-4,.jpg
ПДнDataset/share/Выгрузки/Сайты/page_129.html,Нет,0,УЗ-4,.html
ПДнDataset/share/Выгрузки/Сайты/page_294.html,Нет,0,УЗ-4,.html
ПДнDataset/share/Выгрузки/Сайты/116520_800.jpg,Нет,0,УЗ-4,.jpg
ПДнDataset/share/Выгрузки/Сайты/a6a2d1cf538fc5d09ca0c455e822f6f6.jpg,Нет,0,УЗ-4,.jpg
ПДнDataset/share/Выгрузки/Сайты/page_73.html,Нет,0,УЗ-4,.html
ПДнDataset/share/Выгрузки/Сайты/page_152.html,Нет,0,УЗ-4,.html
ПДнDataset/share/Выгрузки/Сайты/page_447.html,Нет,0,УЗ-4,.html
ПДнDataset/share/Выгрузки/Сайты/4514444_900.jpg,Нет,0,УЗ-4,.jpg
ПДнDataset/share/Выгрузки/Сайты/332512_original.jpg,Нет,0,УЗ-4,.jpg
ПДнDataset/share/Выгрузки/Сайты/340424_original.jpg,Нет,0,УЗ-4,.jpg
ПДнDataset/share/Выгрузки/Сайты/page_369.html,Нет,0,УЗ-4,.html
ПДнDataset/share/Выгрузки/Сайты/322615_original.jpg,Нет,0,УЗ-4,.jpg
ПДнDataset/share/Выгрузки/Сайты/page_386.html,Нет,0,УЗ-4,.html
ПДнDataset/share/Выгрузки/Сайты/page_24.html,Нет,0,УЗ-4,.html
ПДнDataset/share/Выгрузки/Сайты/351507_original.jpg,Нет,0,УЗ-4,.jpg
ПДнDataset/share/Выгрузки/Сайты/1156655_800.jpg,Нет,0,УЗ-4,.jpg
ПДнDataset/share/Выгрузки/Сайты/page_105.html,Нет,0,УЗ-4,.html
ПДнDataset/share/Выгрузки/Сайты/7640509_original.jpg,Нет,0,УЗ-4,.jpg
ПДнDataset/share/Выгрузки/Сайты/324729_original.jpg,Нет,0,УЗ-4,.jpg
ПДнDataset/share/Выгрузки/Сайты/page_410.html,Нет,0,УЗ-4,.html
ПДнDataset/share/Выгрузки/Сайты/422763_800.jpg,Нет,0,УЗ-4,.jpg
ПДнDataset/share/Выгрузки/Сайты/page_32.html,Нет,0,УЗ-4,.html
ПДнDataset/share/Выгрузки/Сайты/2753362_600.png,Нет,0,УЗ-4,.png
ПДнDataset/share/Выгрузки/Сайты/page_390.html,Нет,0,УЗ-4,.html
ПДнDataset/share/Выгрузки/Сайты/14441833_original.jpg,Нет,0,УЗ-4,.jpg
ПДнDataset/share/Выгрузки/Сайты/18425_original.png,Нет,0,УЗ-4,.png
ПДнDataset/share/Выгрузки/Сайты/operation-ramadan-lalla-khadija-premiere-fosi-18-ans-1350x900.jpg,Нет,0,УЗ-4,.jpg
ПДнDataset/share/Выгрузки/Сайты/page_113.html,Нет,0,УЗ-4,.html
ПДнDataset/share/Выгрузки/Сайты/page_406.html,Нет,0,УЗ-4,.html
ПДнDataset/share/Выгрузки/Сайты/145115_540.jpg,Нет,0,УЗ-4,.jpg
ПДнDataset/share/Выгрузки/Сайты/121061_800.png,Нет,0,УЗ-4,.png
ПДнDataset/share/Выгрузки/Сайты/370992_original.jpg,Нет,0,УЗ-4,.jpg
ПДнDataset/share/Выгрузки/Сайты/page_282.html,Нет,0,УЗ-4,.html
ПДнDataset/share/Выгрузки/Сайты/page_328.html,Нет,0,УЗ-4,.html
ПДнDataset/share/Выгрузки/Сайты/9173_2000.jpg,Нет,0,УЗ-4,.jpg
ПДнDataset/share/Выгрузки/Сайты/page_65.html,Нет,0,УЗ-4,.html
ПДнDataset/share/Выгрузки/Сайты/365615_original.jpg,Нет,0,УЗ-4,.jpg
ПДнDataset/share/Выгрузки/Сайты/IMG_9098.jpg,Нет,0,УЗ-4,.jpg
ПДнDataset/share/Выгрузки/Сайты/page_144.html,Нет,0,УЗ-4,.html
ПДнDataset/share/Выгрузки/Сайты/325113_original.jpg,Нет,0,УЗ-4,.jpg
ПДнDataset/share/Выгрузки/Сайты/358640_original.jpg,Нет,0,УЗ-4,.jpg
ПДнDataset/share/Выгрузки/Сайты/phone@1x.png,Нет,0,УЗ-4,.png
ПДнDataset/share/Выгрузки/Сайты/page_451.html,Нет,0,УЗ-4,.html
ПДнDataset/share/Выгрузки/Сайты/page_426.html,Нет,0,УЗ-4,.html
ПДнDataset/share/Выгрузки/Сайты/2836674_900.jpg,Нет,0,УЗ-4,.jpg
ПДнDataset/share/Выгрузки/Сайты/14646456_original.jpg,Нет,0,УЗ-4,.jpg
ПДнDataset/share/Выгрузки/Сайты/14440460_original.jpg,Нет,0,УЗ-4,.jpg
ПДнDataset/share/Выгрузки/Сайты/95612235-14438121-image-a-88_1740585471248.jpg,Нет,0,УЗ-4,.jpg
ПДнDataset/share/Выгрузки/Сайты/279050_original.jpg,Нет,0,УЗ-4,.jpg
ПДнDataset/share/Выгрузки/Сайты/7643477_original.jpg,Нет,0,УЗ-4,.jpg
ПДнDataset/share/Выгрузки/Сайты/13954_900.jpg,Нет,0,УЗ-4,.jpg
ПДнDataset/share/Выгрузки/Сайты/page_133.html,Нет,0,УЗ-4,.html
ПДнDataset/share/Выгрузки/Сайты/69074_original.png,Нет,0,УЗ-4,.png
ПДнDataset/share/Выгрузки/Сайты/47136_800.jpg,Нет,0,УЗ-4,.jpg
ПДнDataset/share/Выгрузки/Сайты/page_12.html,Нет,0,УЗ-4,.html
ПДнDataset/share/Выгрузки/Сайты/209647_800.png,Нет,0,УЗ-4,.png
ПДнDataset/share/Выгрузки/Сайты/IMG_20190203_185737_814-5c6fd93b5435a__700.jpg,Нет,0,УЗ-4,.jpg
ПДнDataset/share/Выгрузки/Сайты/95607443-14438121-image-a-19_1740578960890.jpg,Нет,0,УЗ-4,.jpg
ПДнDataset/share/Выгрузки/Сайты/page_471.html,Нет,0,УЗ-4,.html
ПДнDataset/share/Выгрузки/Сайты/48439_800.jpg,Нет,0,УЗ-4,.jpg
ПДнDataset/share/Выгрузки/Сайты/45833_800.jpg,Нет,0,УЗ-4,.jpg
ПДнDataset/share/Выгрузки/Сайты/page_164.html,Нет,0,УЗ-4,.html
ПДнDataset/share/Выгрузки/Сайты/680930db347f51db9e67df50b4afd2a3.jpg,Нет,0,УЗ-4,.jpg
ПДнDataset/share/Выгрузки/Сайты/309391_original.jpg,Нет,0,УЗ-4,.jpg
ПДнDataset/share/Выгрузки/Сайты/page_45.html,Нет,0,УЗ-4,.html
ПДнDataset/share/Выгрузки/Сайты/419045_1000.jpg,Нет,0,УЗ-4,.jpg
ПДнDataset/share/Выгрузки/Сайты/18922_900.jpg,Нет,0,УЗ-4,.jpg
ПДнDataset/share/Выгрузки/Сайты/1785192_original.jpg,Нет,0,УЗ-4,.jpg
ПДнDataset/share/Выгрузки/Сайты/page_308.html,Нет,0,УЗ-4,.html
ПДнDataset/share/Выгрузки/Сайты/page_467.html,Нет,0,УЗ-4,.html
ПДнDataset/share/Выгрузки/Сайты/1369589_original.png,Нет,0,УЗ-4,.png
ПДнDataset/share/Выгрузки/Сайты/page_172.html,Нет,0,УЗ-4,.html
ПДнDataset/share/Выгрузки/Сайты/14434750_original.jpg,Нет,0,УЗ-4,.jpg
ПДнDataset/share/Выгрузки/Сайты/page_53.html,Нет,0,УЗ-4,.html
ПДнDataset/share/Выгрузки/Сайты/4345755_original.jpg,Нет,0,УЗ-4,.jpg
ПДнDataset/share/Выгрузки/Сайты/4457043_original.jpg,Нет,0,УЗ-4,.jpg
ПДнDataset/share/Выгрузки/Сайты/893940_800.jpg,Нет,0,УЗ-4,.jpg
ПДнDataset/share/Выгрузки/Сайты/14435521_original.jpg,Нет,0,УЗ-4,.jpg
ПДнDataset/share/Выгрузки/Сайты/4153239_600.jpg,Нет,0,УЗ-4,.jpg
ПДнDataset/share/Выгрузки/Сайты/page_430.html,Нет,0,УЗ-4,.html
ПДнDataset/share/Выгрузки/Сайты/95608043-14438121-image-a-37_1740580064920.jpg,Нет,0,УЗ-4,.jpg
ПДнDataset/share/Выгрузки/Сайты/page_125.html,Нет,0,УЗ-4,.html
ПДнDataset/share/Выгрузки/Сайты/126636_800.jpg,Нет,0,УЗ-4,.jpg
ПДнDataset/share/Выгрузки/Сайты/825b89d51456396f72cd42b803c1f0b7.jpg,Нет,0,УЗ-4,.jpg
ПДнDataset/share/Выгрузки/Сайты/54d41044f18911e58b8124d754cd9dd9.jpg,Нет,0,УЗ-4,.jpg
ПДнDataset/share/Выгрузки/Сайты/ba_e_armenija_mineralnaja_voda_arzni_z36930_nv.jpg,Нет,0,УЗ-4,.jpg
ПДнDataset/share/Выгрузки/Сайты/322053_1000.png,Нет,0,УЗ-4,.png
ПДнDataset/share/Выгрузки/Сайты/370420_original.jpg,Нет,0,УЗ-4,.jpg
ПДнDataset/share/Выгрузки/Сайты/1316267_800.jpg,Нет,0,УЗ-4,.jpg
ПДнDataset/share/Выгрузки/Сайты/page_349.html,Нет,0,УЗ-4,.html
ПДнDataset/share/Выгрузки/Сайты/484_800.jpg,Нет,0,УЗ-4,.jpg
ПДнDataset/share/Выгрузки/Сайты/page_90.html,Нет,0,УЗ-4,.html
ПДнDataset/share/Выгрузки/Сайты/2521_900.gif,Нет,0,УЗ-4,.gif
ПДнDataset/share/Выгрузки/Сайты/page_298.html,Нет,0,УЗ-4,.html
ПДнDataset/share/Выгрузки/Сайты/page_332.html,Нет,0,УЗ-4,.html
ПДнDataset/share/Выгрузки/Сайты/95608989-14438121-image-a-66_1740581174740.jpg,Нет,0,УЗ-4,.jpg
ПДнDataset/share/Выгрузки/Сайты/page_277.html,Нет,0,УЗ-4,.html
ПДнDataset/share/Выгрузки/Сайты/1927646_300.jpg,Нет,0,УЗ-4,.jpg
ПДнDataset/share/Выгрузки/Сайты/372513_original.jpg,Нет,0,УЗ-4,.jpg
ПДнDataset/share/Выгрузки/Сайты/121909_600.png,Нет,0,УЗ-4,.png
ПДнDataset/share/Выгрузки/Сайты/14442719_original.jpg,Нет,0,УЗ-4,.jpg
ПДнDataset/share/Выгрузки/Сайты/4463311_original.jpg,Нет,0,УЗ-4,.jpg
ПДнDataset/share/Выгрузки/Сайты/page_109.html,Нет,0,УЗ-4,.html
ПДнDataset/share/Выгрузки/Сайты/page_365.html,Нет,0,УЗ-4,.html
ПДнDataset/share/Выгрузки/Сайты/362047_original.jpg,Нет,0,УЗ-4,.jpg
ПДнDataset/share/Выгрузки/Сайты/240717_1000.png,Нет,0,УЗ-4,.png
ПДнDataset/share/Выгрузки/Сайты/4513677_900.jpg,Нет,0,УЗ-4,.jpg
ПДнDataset/share/Выгрузки/Сайты/page_220.html,Нет,0,УЗ-4,.html
ПДнDataset/share/Выгрузки/Сайты/page_28.html,Нет,0,УЗ-4,.html
ПДнDataset/share/Выгрузки/Сайты/361087_original.jpg,Нет,0,УЗ-4,.jpg
ПДнDataset/share/Выгрузки/Сайты/260002_original.jpg,Нет,0,УЗ-4,.jpg
ПДнDataset/share/Выгрузки/Сайты/376820_original.jpg,Нет,0,УЗ-4,.jpg
ПДнDataset/share/Выгрузки/Сайты/page_373.html,Нет,0,УЗ-4,.html
ПДнDataset/share/Выгрузки/Сайты/14465198_original.jpg,Нет,0,УЗ-4,.jpg
ПДнDataset/share/Выгрузки/Сайты/317153_original.png,Нет,0,УЗ-4,.png
ПДнDataset/share/Выгрузки/Сайты/530a0c14bfac93e04bbbd09ad1fca64c.jpg,Нет,0,УЗ-4,.jpg
ПДнDataset/share/Выгрузки/Сайты/page_236.html,Нет,0,УЗ-4,.html
ПДнDataset/share/Выгрузки/Сайты/126804_800.jpg,Нет,0,УЗ-4,.jpg
ПДнDataset/share/Выгрузки/Сайты/6%20%2896%29.jpg,Нет,0,УЗ-4,.jpg
ПДнDataset/share/Выгрузки/Сайты/IMG_7713.jpg,Нет,0,УЗ-4,.jpg
ПДнDataset/share/Выгрузки/Сайты/page_148.html,Нет,0,УЗ-4,.html
ПДнDataset/share/Выгрузки/Сайты/422589_1000.jpg,Нет,0,УЗ-4,.jpg
ПДнDataset/share/Выгрузки/Сайты/page_324.html,Нет,0,УЗ-4,.html
ПДнDataset/share/Выгрузки/Сайты/page_86.html,Нет,0,УЗ-4,.html
ПДнDataset/share/Выгрузки/Сайты/6736_900.jpg,Нет,0,УЗ-4,.jpg
ПДнDataset/share/Выгрузки/Сайты/95612335-14438121-image-a-94_1740585858537.jpg,Нет,0,УЗ-4,.jpg
ПДнDataset/share/Выгрузки/Сайты/2008421_600.jpg,Нет,0,УЗ-4,.jpg
ПДнDataset/share/Выгрузки/Сайты/page_261.html,Нет,0,УЗ-4,.html
ПДнDataset/share/Выгрузки/Сайты/page_69.html,Нет,0,УЗ-4,.html
ПДнDataset/share/Выгрузки/Сайты/page_325.html,Нет,0,УЗ-4,.html
ПДнDataset/share/Выгрузки/Сайты/172704_800.jpg,Нет,0,УЗ-4,.jpg
ПДнDataset/share/Выгрузки/Сайты/page_87.html,Нет,0,УЗ-4,.html
ПДнDataset/share/Выгрузки/Сайты/12492179_original.png,Нет,0,УЗ-4,.png
ПДнDataset/share/Выгрузки/Сайты/14443021_600.jpg,Нет,0,УЗ-4,.jpg
ПДнDataset/share/Выгрузки/Сайты/1066519_1000.png,Нет,0,УЗ-4,.png
ПДнDataset/share/Выгрузки/Сайты/page_260.html,Нет,0,УЗ-4,.html
ПДнDataset/share/Выгрузки/Сайты/14441704_original.jpg,Нет,0,УЗ-4,.jpg
ПДнDataset/share/Выгрузки/Сайты/page_68.html,Нет,0,УЗ-4,.html
ПДнDataset/share/Выгрузки/Сайты/freddie-mercury-cats-6-5c6fa8b59db72__605.jpg,Нет,0,УЗ-4,.jpg
ПДнDataset/share/Выгрузки/Сайты/page_149.html,Нет,0,УЗ-4,.html
ПДнDataset/share/Выгрузки/Сайты/273077_original.jpg,Нет,0,УЗ-4,.jpg
ПДнDataset/share/Выгрузки/Сайты/page_372.html,Нет,0,УЗ-4,.html
ПДнDataset/share/Выгрузки/Сайты/357497_original.jpg,Нет,0,УЗ-4,.jpg
ПДнDataset/share/Выгрузки/Сайты/page_237.html,Нет,0,УЗ-4,.html
ПДнDataset/share/Выгрузки/Сайты/14437430_original.jpg,Нет,0,УЗ-4,.jpg
ПДнDataset/share/Выгрузки/Сайты/456.jpg,Нет,0,УЗ-4,.jpg
ПДнDataset/share/Выгрузки/Сайты/896838_800.png,Нет,0,УЗ-4,.png
ПДнDataset/share/Выгрузки/Сайты/365529_original.jpg,Нет,0,УЗ-4,.jpg
ПДнDataset/share/Выгрузки/Сайты/95866987-14464289-image-a-94_1741181232200.jpg,Нет,0,УЗ-4,.jpg
ПДнDataset/share/Выгрузки/Сайты/page_364.html,Нет,0,УЗ-4,.html
ПДнDataset/share/Выгрузки/Сайты/346689_original.jpg,Нет,0,УЗ-4,.jpg
ПДнDataset/share/Выгрузки/Сайты/95608931-14438121-image-a-60_1740580936889.jpg,Нет,0,УЗ-4,.jpg
ПДнDataset/share/Выгрузки/Сайты/page_221.html,Нет,0,УЗ-4,.html
ПДнDataset/share/Выгрузки/Сайты/page_29.html,Нет,0,УЗ-4,.html
ПДнDataset/share/Выгрузки/Сайты/331734_original.jpg,Нет,0,УЗ-4,.jpg
ПДнDataset/share/Выгрузки/Сайты/1b5dc276d8f9ce808b5c12af5ad82cb2.jpg,Нет,0,УЗ-4,.jpg
ПДнDataset/share/Выгрузки/Сайты/page_108.html,Нет,0,УЗ-4,.html
ПДнDataset/share/Выгрузки/Сайты/14971_900.jpg,Нет,0,УЗ-4,.jpg
ПДнDataset/share/Выгрузки/Сайты/193666_800.jpg,Нет,0,УЗ-4,.jpg
ПДнDataset/share/Выгрузки/Сайты/95606373-14438121-They_arrived_by_train-a-26_1740576632233.jpg,Нет,0,УЗ-4,.jpg
ПДнDataset/share/Выгрузки/Сайты/page_91.html,Нет,0,УЗ-4,.html
ПДнDataset/share/Выгрузки/Сайты/page_299.html,Нет,0,УЗ-4,.html
ПДнDataset/share/Выгрузки/Сайты/page_333.html,Нет,0,УЗ-4,.html
ПДнDataset/share/Выгрузки/Сайты/313402_original.jpg,Нет,0,УЗ-4,.jpg
ПДнDataset/share/Выгрузки/Сайты/page_276.html,Нет,0,УЗ-4,.html
ПДнDataset/share/Выгрузки/Сайты/115918_800.jpg,Нет,0,УЗ-4,.jpg
ПДнDataset/share/Выгрузки/Сайты/3778_800.jpg,Нет,0,УЗ-4,.jpg
ПДнDataset/share/Выгрузки/Сайты/17135_900.jpg,Нет,0,УЗ-4,.jpg
ПДнDataset/share/Выгрузки/Сайты/7649_900.jpg,Нет,0,УЗ-4,.jpg
ПДнDataset/share/Выгрузки/Сайты/331935_original.jpg,Нет,0,УЗ-4,.jpg
ПДнDataset/share/Выгрузки/Сайты/125500_800.jpg,Нет,0,УЗ-4,.jpg
ПДнDataset/share/Выгрузки/Сайты/page_348.html,Нет,0,УЗ-4,.html
ПДнDataset/share/Выгрузки/Сайты/114966_original.png,Нет,0,УЗ-4,.png
ПДнDataset/share/Выгрузки/Сайты/45576_800.jpg,Нет,0,УЗ-4,.jpg
ПДнDataset/share/Выгрузки/Сайты/21922_2000.jpg,Нет,0,УЗ-4,.jpg
ПДнDataset/share/Выгрузки/Сайты/123242_800.jpg,Нет,0,УЗ-4,.jpg
ПДнDataset/share/Выгрузки/Сайты/page_431.html,Нет,0,УЗ-4,.html
ПДнDataset/share/Выгрузки/Сайты/ffa452cf21a343f89ba531958b5bdf38.jpg,Нет,0,УЗ-4,.jpg
ПДнDataset/share/Выгрузки/Сайты/4514075_900.jpg,Нет,0,УЗ-4,.jpg
ПДнDataset/share/Выгрузки/Сайты/page_124.html,Нет,0,УЗ-4,.html
ПДнDataset/share/Выгрузки/Сайты/616888_800.png,Нет,0,УЗ-4,.png
ПДнDataset/share/Выгрузки/Сайты/page_52.html,Нет,0,УЗ-4,.html
ПДнDataset/share/Выгрузки/Сайты/14458860_original.jpg,Нет,0,УЗ-4,.jpg
ПДнDataset/share/Выгрузки/Сайты/old-historic-photos-67bed35cad905__700.jpg,Нет,0,УЗ-4,.jpg
ПДнDataset/share/Выгрузки/Сайты/77099_original.jpg,Нет,0,УЗ-4,.jpg
ПДнDataset/share/Выгрузки/Сайты/page_466.html,Нет,0,УЗ-4,.html
ПДнDataset/share/Выгрузки/Сайты/9964_900.jpg,Нет,0,УЗ-4,.jpg
ПДнDataset/share/Выгрузки/Сайты/4416_900.jpg,Нет,0,УЗ-4,.jpg
ПДнDataset/share/Выгрузки/Сайты/page_173.html,Нет,0,УЗ-4,.html
ПДнDataset/share/Выгрузки/Сайты/page_44.html,Нет,0,УЗ-4,.html
ПДнDataset/share/Выгрузки/Сайты/4959_2000.jpg,Нет,0,УЗ-4,.jpg
ПДнDataset/share/Выгрузки/Сайты/14318_900.jpg,Нет,0,УЗ-4,.jpg
ПДнDataset/share/Выгрузки/Сайты/49017_800.jpg,Нет,0,УЗ-4,.jpg
ПДнDataset/share/Выгрузки/Сайты/4492_original.png,Нет,0,УЗ-4,.png
ПДнDataset/share/Выгрузки/Сайты/page_309.html,Нет,0,УЗ-4,.html
ПДнDataset/share/Выгрузки/Сайты/426318_800.jpg,Нет,0,УЗ-4,.jpg
ПДнDataset/share/Выгрузки/Сайты/page_470.html,Нет,0,УЗ-4,.html
ПДнDataset/share/Выгрузки/Сайты/350989_original.jpg,Нет,0,УЗ-4,.jpg
ПДнDataset/share/Выгрузки/Сайты/17984_original.png,Нет,0,УЗ-4,.png
ПДнDataset/share/Выгрузки/Сайты/page_165.html,Нет,0,УЗ-4,.html
ПДнDataset/share/Выгрузки/Сайты/891430_800.png,Нет,0,УЗ-4,.png
ПДнDataset/share/Выгрузки/Сайты/620703_original.jpg,Нет,0,УЗ-4,.jpg
ПДнDataset/share/Выгрузки/Сайты/page_13.html,Нет,0,УЗ-4,.html
ПДнDataset/share/Выгрузки/Сайты/9505_900.jpg,Нет,0,УЗ-4,.jpg
ПДнDataset/share/Выгрузки/Сайты/370572_original.jpg,Нет,0,УЗ-4,.jpg
ПДнDataset/share/Выгрузки/Сайты/Varvara_Turkestanova.jpg,Нет,0,УЗ-4,.jpg
ПДнDataset/share/Выгрузки/Сайты/page_427.html,Нет,0,УЗ-4,.html
ПДнDataset/share/Выгрузки/Сайты/891746_800.jpg,Нет,0,УЗ-4,.jpg
ПДнDataset/share/Выгрузки/Сайты/8844_800.png,Нет,0,УЗ-4,.png
ПДнDataset/share/Выгрузки/Сайты/page_132.html,Нет,0,УЗ-4,.html
ПДнDataset/share/Выгрузки/Сайты/page_145.html,Нет,0,УЗ-4,.html
ПДнDataset/share/Выгрузки/Сайты/14439188_original.jpg,Нет,0,УЗ-4,.jpg
ПДнDataset/share/Выгрузки/Сайты/14440421_original.jpg,Нет,0,УЗ-4,.jpg
ПДнDataset/share/Выгрузки/Сайты/14443390_original.jpg,Нет,0,УЗ-4,.jpg
ПДнDataset/share/Выгрузки/Сайты/page_450.html,Нет,0,УЗ-4,.html
ПДнDataset/share/Выгрузки/Сайты/XqJIoh9Q8MA.jpg,Нет,0,УЗ-4,.jpg
ПДнDataset/share/Выгрузки/Сайты/371209_original.jpg,Нет,0,УЗ-4,.jpg
ПДнDataset/share/Выгрузки/Сайты/174041_300.jpg,Нет,0,УЗ-4,.jpg
ПДнDataset/share/Выгрузки/Сайты/page_283.html,Нет,0,УЗ-4,.html
ПДнDataset/share/Выгрузки/Сайты/page_329.html,Нет,0,УЗ-4,.html
ПДнDataset/share/Выгрузки/Сайты/page_64.html,Нет,0,УЗ-4,.html
ПДнDataset/share/Выгрузки/Сайты/278466_original.jpg,Нет,0,УЗ-4,.jpg
ПДнDataset/share/Выгрузки/Сайты/4898b3ff2fe32c3f65ac5c9a5f9d3e04.jpg,Нет,0,УЗ-4,.jpg
ПДнDataset/share/Выгрузки/Сайты/page_112.html,Нет,0,УЗ-4,.html
ПДнDataset/share/Выгрузки/Сайты/5553_2000.jpg,Нет,0,УЗ-4,.jpg
ПДнDataset/share/Выгрузки/Сайты/page_407.html,Нет,0,УЗ-4,.html
ПДнDataset/share/Выгрузки/Сайты/277204_original.jpg,Нет,0,УЗ-4,.jpg
ПДнDataset/share/Выгрузки/Сайты/page_33.html,Нет,0,УЗ-4,.html
ПДнDataset/share/Выгрузки/Сайты/page_391.html,Нет,0,УЗ-4,.html
ПДнDataset/share/Выгрузки/Сайты/page_104.html,Нет,0,УЗ-4,.html
ПДнDataset/share/Выгрузки/Сайты/4078_800.jpg,Нет,0,УЗ-4,.jpg
ПДнDataset/share/Выгрузки/Сайты/619022_600.png,Нет,0,УЗ-4,.png
ПДнDataset/share/Выгрузки/Сайты/361839_original.jpg,Нет,0,УЗ-4,.jpg
ПДнDataset/share/Выгрузки/Сайты/page_411.html,Нет,0,УЗ-4,.html
ПДнDataset/share/Выгрузки/Сайты/16444_900.jpg,Нет,0,УЗ-4,.jpg
ПДнDataset/share/Выгрузки/Сайты/page_368.html,Нет,0,УЗ-4,.html
ПДнDataset/share/Выгрузки/Сайты/page_387.html,Нет,0,УЗ-4,.html
ПДнDataset/share/Выгрузки/Сайты/page_25.html,Нет,0,УЗ-4,.html
ПДнDataset/share/Выгрузки/Сайты/140408_800.jpg,Нет,0,УЗ-4,.jpg
ПДнDataset/share/Выгрузки/Сайты/18983_900.jpg,Нет,0,УЗ-4,.jpg
ПДнDataset/share/Выгрузки/Сайты/page_153.html,Нет,0,УЗ-4,.html
ПДнDataset/share/Выгрузки/Сайты/page_446.html,Нет,0,УЗ-4,.html
ПДнDataset/share/Выгрузки/Сайты/page_295.html,Нет,0,УЗ-4,.html
ПДнDataset/share/Выгрузки/Сайты/376480_original.jpg,Нет,0,УЗ-4,.jpg
ПДнDataset/share/Выгрузки/Сайты/page_72.html,Нет,0,УЗ-4,.html
ПДнDataset/share/Выгрузки/Сайты/40848_800.png,Нет,0,УЗ-4,.png
ПДнDataset/share/Выгрузки/Сайты/page_3.html,Нет,0,УЗ-4,.html
ПДнDataset/share/Выгрузки/Сайты/page_128.html,Нет,0,УЗ-4,.html
ПДнDataset/share/Выгрузки/Сайты/page_201.html,Нет,0,УЗ-4,.html
ПДнDataset/share/Выгрузки/Сайты/page_344.html,Нет,0,УЗ-4,.html
ПДнDataset/share/Выгрузки/Сайты/7090_original.jpg,Нет,0,УЗ-4,.jpg
ПДнDataset/share/Выгрузки/Сайты/95606715-14438121-image-a-29_1740577133247.jpg,Нет,0,УЗ-4,.jpg
ПДнDataset/share/Выгрузки/Сайты/page_190.html,Нет,0,УЗ-4,.html
ПДнDataset/share/Выгрузки/Сайты/freddie-mercury-cats-5c6fb3a8cd982__605.jpg,Нет,0,УЗ-4,.jpg
ПДнDataset/share/Выгрузки/Сайты/page_485.html,Нет,0,УЗ-4,.html
ПДнDataset/share/Выгрузки/Сайты/14441016_original.jpg,Нет,0,УЗ-4,.jpg
ПДнDataset/share/Выгрузки/Сайты/7640594_original.jpg,Нет,0,УЗ-4,.jpg
ПДнDataset/share/Выгрузки/Сайты/634579_1000.jpg,Нет,0,УЗ-4,.jpg
ПДнDataset/share/Выгрузки/Сайты/page_256.html,Нет,0,УЗ-4,.html
ПДнDataset/share/Выгрузки/Сайты/316782_1000.png,Нет,0,УЗ-4,.png
ПДнDataset/share/Выгрузки/Сайты/95610783-14438121-Pictured_The_Princess_of_Wales_greeting_well_wishers_during_a_vi-a-70_1740583786824.jpg,Нет,0,УЗ-4,.jpg
ПДнDataset/share/Выгрузки/Сайты/8535_900.jpg,Нет,0,УЗ-4,.jpg
ПДнDataset/share/Выгрузки/Сайты/page_313.html,Нет,0,УЗ-4,.html
ПДнDataset/share/Выгрузки/Сайты/page_186.html,Нет,0,УЗ-4,.html
ПДнDataset/share/Выгрузки/Сайты/45134_800.jpg,Нет,0,УЗ-4,.jpg
ПДнDataset/share/Выгрузки/Сайты/1786296_800.jpg,Нет,0,УЗ-4,.jpg
ПДнDataset/share/Выгрузки/Сайты/P1000092_1.jpg,Нет,0,УЗ-4,.jpg
ПДнDataset/share/Выгрузки/Сайты/page_169.html,Нет,0,УЗ-4,.html
ПДнDataset/share/Выгрузки/Сайты/page_240.html,Нет,0,УЗ-4,.html
ПДнDataset/share/Выгрузки/Сайты/page_48.html,Нет,0,УЗ-4,.html
ПДнDataset/share/Выгрузки/Сайты/page_305.html,Нет,0,УЗ-4,.html
ПДнDataset/share/Выгрузки/Сайты/619597_600.png,Нет,0,УЗ-4,.png
ПДнDataset/share/Выгрузки/Сайты/261310_original.jpg,Нет,0,УЗ-4,.jpg
ПДнDataset/share/Выгрузки/Сайты/120801_800.jpg,Нет,0,УЗ-4,.jpg
ПДнDataset/share/Выгрузки/Сайты/136487_1000.png,Нет,0,УЗ-4,.png
ПДнDataset/share/Выгрузки/Сайты/126281_800.jpg,Нет,0,УЗ-4,.jpg
ПДнDataset/share/Выгрузки/Сайты/page_217.html,Нет,0,УЗ-4,.html
ПДнDataset/share/Выгрузки/Сайты/319471_original.jpg,Нет,0,УЗ-4,.jpg
ПДнDataset/share/Выгрузки/Сайты/302498_original.jpg,Нет,0,УЗ-4,.jpg
ПДнDataset/share/Выгрузки/Сайты/620160_600.jpg,Нет,0,УЗ-4,.jpg
ПДнDataset/share/Выгрузки/Сайты/page_352.html,Нет,0,УЗ-4,.html
ПДнDataset/share/Выгрузки/Сайты/632565_1000.jpg,Нет,0,УЗ-4,.jpg
ПДнDataset/share/Выгрузки/Сайты/page_420.html,Нет,0,УЗ-4,.html
ПДнDataset/share/Выгрузки/Сайты/page_135.html,Нет,0,УЗ-4,.html
ПДнDataset/share/Выгрузки/Сайты/4146413_600.jpg,Нет,0,УЗ-4,.jpg
ПДнDataset/share/Выгрузки/Сайты/page_14.html,Нет,0,УЗ-4,.html
ПДнDataset/share/Выгрузки/Сайты/427076_1000.jpg,Нет,0,УЗ-4,.jpg
ПДнDataset/share/Выгрузки/Сайты/309564_original.jpg,Нет,0,УЗ-4,.jpg
ПДнDataset/share/Выгрузки/Сайты/39506_2000.png,Нет,0,УЗ-4,.png
ПДнDataset/share/Выгрузки/Сайты/Vogue.jpg,Нет,0,УЗ-4,.jpg
ПДнDataset/share/Выгрузки/Сайты/644ce9be5878979f68f1aaeb03c63d65.jpg,Нет,0,УЗ-4,.jpg
ПДнDataset/share/Выгрузки/Сайты/2445_2000.jpg,Нет,0,УЗ-4,.jpg
ПДнDataset/share/Выгрузки/Сайты/page_359.html,Нет,0,УЗ-4,.html
ПДнDataset/share/Выгрузки/Сайты/346525_original.jpg,Нет,0,УЗ-4,.jpg
ПДнDataset/share/Выгрузки/Сайты/page_477.html,Нет,0,УЗ-4,.html
ПДнDataset/share/Выгрузки/Сайты/9430_540.png,Нет,0,УЗ-4,.png
ПДнDataset/share/Выгрузки/Сайты/1783527_800.jpg,Нет,0,УЗ-4,.jpg
ПДнDataset/share/Выгрузки/Сайты/page_162.html,Нет,0,УЗ-4,.html
ПДнDataset/share/Выгрузки/Сайты/302750_original.jpg,Нет,0,УЗ-4,.jpg
ПДнDataset/share/Выгрузки/Сайты/12033761.jpg,Нет,0,УЗ-4,.jpg
ПДнDataset/share/Выгрузки/Сайты/296727_original.jpg,Нет,0,УЗ-4,.jpg
ПДнDataset/share/Выгрузки/Сайты/48003_800.jpg,Нет,0,УЗ-4,.jpg
ПДнDataset/share/Выгрузки/Сайты/1783651_800.jpg,Нет,0,УЗ-4,.jpg
ПДнDataset/share/Выгрузки/Сайты/2757990_600.png,Нет,0,УЗ-4,.png
ПДнDataset/share/Выгрузки/Сайты/894320_original.jpg,Нет,0,УЗ-4,.jpg
ПДнDataset/share/Выгрузки/Сайты/page_43.html,Нет,0,УЗ-4,.html
ПДнDataset/share/Выгрузки/Сайты/321609_1000.png,Нет,0,УЗ-4,.png
ПДнDataset/share/Выгрузки/Сайты/14458860_600.jpg,Нет,0,УЗ-4,.jpg
ПДнDataset/share/Выгрузки/Сайты/352420_original.jpg,Нет,0,УЗ-4,.jpg
ПДнDataset/share/Выгрузки/Сайты/890087_600.jpg,Нет,0,УЗ-4,.jpg
ПДнDataset/share/Выгрузки/Сайты/page_461.html,Нет,0,УЗ-4,.html
ПДнDataset/share/Выгрузки/Сайты/page_174.html,Нет,0,УЗ-4,.html
ПДнDataset/share/Выгрузки/Сайты/6610_900.jpg,Нет,0,УЗ-4,.jpg
ПДнDataset/share/Выгрузки/Сайты/page_55.html,Нет,0,УЗ-4,.html
ПДнDataset/share/Выгрузки/Сайты/121909_original.png,Нет,0,УЗ-4,.png
ПДнDataset/share/Выгрузки/Сайты/26330_2000.png,Нет,0,УЗ-4,.png
ПДнDataset/share/Выгрузки/Сайты/page_318.html,Нет,0,УЗ-4,.html
ПДнDataset/share/Выгрузки/Сайты/1316928_800.jpg,Нет,0,УЗ-4,.jpg
ПДнDataset/share/Выгрузки/Сайты/page_436.html,Нет,0,УЗ-4,.html
ПДнDataset/share/Выгрузки/Сайты/page_123.html,Нет,0,УЗ-4,.html
ПДнDataset/share/Выгрузки/Сайты/5635_original.png,Нет,0,УЗ-4,.png
ПДнDataset/share/Выгрузки/Сайты/120900_800.jpg,Нет,0,УЗ-4,.jpg
ПДнDataset/share/Выгрузки/Сайты/340529_original.jpg,Нет,0,УЗ-4,.jpg
ПДнDataset/share/Выгрузки/Сайты/page_158.html,Нет,0,УЗ-4,.html
ПДнDataset/share/Выгрузки/Сайты/360456_original.jpg,Нет,0,УЗ-4,.jpg
ПДнDataset/share/Выгрузки/Сайты/IMG_4326.jpg,Нет,0,УЗ-4,.jpg
ПДнDataset/share/Выгрузки/Сайты/page_96.html,Нет,0,УЗ-4,.html
ПДнDataset/share/Выгрузки/Сайты/4458886_original.jpg,Нет,0,УЗ-4,.jpg
ПДнDataset/share/Выгрузки/Сайты/page_334.html,Нет,0,УЗ-4,.html
ПДнDataset/share/Выгрузки/Сайты/19890_original.png,Нет,0,УЗ-4,.png
ПДнDataset/share/Выгрузки/Сайты/12013_900.jpg,Нет,0,УЗ-4,.jpg
ПДнDataset/share/Выгрузки/Сайты/359177_original.jpg,Нет,0,УЗ-4,.jpg
ПДнDataset/share/Выгрузки/Сайты/13519_900.jpg,Нет,0,УЗ-4,.jpg
ПДнDataset/share/Выгрузки/Сайты/4513677_original.jpg,Нет,0,УЗ-4,.jpg
ПДнDataset/share/Выгрузки/Сайты/page_271.html,Нет,0,УЗ-4,.html
ПДнDataset/share/Выгрузки/Сайты/page_79.html,Нет,0,УЗ-4,.html
ПДнDataset/share/Выгрузки/Сайты/351383_original.jpg,Нет,0,УЗ-4,.jpg
ПДнDataset/share/Выгрузки/Сайты/69148_original.png,Нет,0,УЗ-4,.png
ПДнDataset/share/Выгрузки/Сайты/GL0B4339.jpg,Нет,0,УЗ-4,.jpg
ПДнDataset/share/Выгрузки/Сайты/2008831_600.jpg,Нет,0,УЗ-4,.jpg
ПДнDataset/share/Выгрузки/Сайты/2650_original.png,Нет,0,УЗ-4,.png
ПДнDataset/share/Выгрузки/Сайты/143851_800.jpg,Нет,0,УЗ-4,.jpg
ПДнDataset/share/Выгрузки/Сайты/page_363.html,Нет,0,УЗ-4,.html
ПДнDataset/share/Выгрузки/Сайты/113421_800.jpg,Нет,0,УЗ-4,.jpg
ПДнDataset/share/Выгрузки/Сайты/127076_800.jpg,Нет,0,УЗ-4,.jpg
ПДнDataset/share/Выгрузки/Сайты/page_226.html,Нет,0,УЗ-4,.html
ПДнDataset/share/Выгрузки/Сайты/124443_800.jpg,Нет,0,УЗ-4,.jpg
ПДнDataset/share/Выгрузки/Сайты/95612093-14438121-image-a-91_1740585599280.jpg,Нет,0,УЗ-4,.jpg
ПДнDataset/share/Выгрузки/Сайты/page_119.html,Нет,0,УЗ-4,.html
ПДнDataset/share/Выгрузки/Сайты/14441445_original.jpg,Нет,0,УЗ-4,.jpg
ПДнDataset/share/Выгрузки/Сайты/2394_original.png,Нет,0,УЗ-4,.png
ПДнDataset/share/Выгрузки/Сайты/page_375.html,Нет,0,УЗ-4,.html
ПДнDataset/share/Выгрузки/Сайты/page_230.html,Нет,0,УЗ-4,.html
ПДнDataset/share/Выгрузки/Сайты/page_38.html,Нет,0,УЗ-4,.html
ПДнDataset/share/Выгрузки/Сайты/123126_800.png,Нет,0,УЗ-4,.png
ПДнDataset/share/Выгрузки/Сайты/5d97c.jpg,Нет,0,УЗ-4,.jpg
ПДнDataset/share/Выгрузки/Сайты/7560_900.jpg,Нет,0,УЗ-4,.jpg
ПДнDataset/share/Выгрузки/Сайты/354661_original.jpg,Нет,0,УЗ-4,.jpg
ПДнDataset/share/Выгрузки/Сайты/288944_original.jpg,Нет,0,УЗ-4,.jpg
ПДнDataset/share/Выгрузки/Сайты/page_322.html,Нет,0,УЗ-4,.html
ПДнDataset/share/Выгрузки/Сайты/2538_original.jpg,Нет,0,УЗ-4,.jpg
ПДнDataset/share/Выгрузки/Сайты/page_80.html,Нет,0,УЗ-4,.html
ПДнDataset/share/Выгрузки/Сайты/page_288.html,Нет,0,УЗ-4,.html
ПДнDataset/share/Выгрузки/Сайты/95607221-14438121-image-a-6_1740578410121.jpg,Нет,0,УЗ-4,.jpg
ПДнDataset/share/Выгрузки/Сайты/77599_original.jpg,Нет,0,УЗ-4,.jpg
ПДнDataset/share/Выгрузки/Сайты/page_267.html,Нет,0,УЗ-4,.html
ПДнDataset/share/Выгрузки/Сайты/17318_original.png,Нет,0,УЗ-4,.png
ПДнDataset/share/Выгрузки/Сайты/page_210.html,Нет,0,УЗ-4,.html
ПДнDataset/share/Выгрузки/Сайты/page_18.html,Нет,0,УЗ-4,.html
ПДнDataset/share/Выгрузки/Сайты/1778652_original.jpg,Нет,0,УЗ-4,.jpg
ПДнDataset/share/Выгрузки/Сайты/14438937_original.jpg,Нет,0,УЗ-4,.jpg
ПДнDataset/share/Выгрузки/Сайты/21360_2000.jpg,Нет,0,УЗ-4,.jpg
ПДнDataset/share/Выгрузки/Сайты/page_355.html,Нет,0,УЗ-4,.html
ПДнDataset/share/Выгрузки/Сайты/16648_900.jpg,Нет,0,УЗ-4,.jpg
ПДнDataset/share/Выгрузки/Сайты/76845_original.jpg,Нет,0,УЗ-4,.jpg
ПДнDataset/share/Выгрузки/Сайты/1067302_800.jpg,Нет,0,УЗ-4,.jpg
ПДнDataset/share/Выгрузки/Сайты/95606891-14438121-image-a-48_1740577480402.jpg,Нет,0,УЗ-4,.jpg
ПДнDataset/share/Выгрузки/Сайты/13435_900.jpg,Нет,0,УЗ-4,.jpg
ПДнDataset/share/Выгрузки/Сайты/page_139.html,Нет,0,УЗ-4,.html
ПДнDataset/share/Выгрузки/Сайты/page_247.html,Нет,0,УЗ-4,.html
ПДнDataset/share/Выгрузки/Сайты/122337_800.jpg,Нет,0,УЗ-4,.jpg
ПДнDataset/share/Выгрузки/Сайты/i_026.png,Нет,0,УЗ-4,.png
ПДнDataset/share/Выгрузки/Сайты/page_302.html,Нет,0,УЗ-4,.html
ПДнDataset/share/Выгрузки/Сайты/620267_original.png,Нет,0,УЗ-4,.png
ПДнDataset/share/Выгрузки/Сайты/95606027-14438121-The_Prince_and_Princess_of_Wales_have_arrived_in_Cardiff_for_a_d-a-108_1740588254200.jpg,Нет,0,УЗ-4,.jpg
ПДнDataset/share/Выгрузки/Сайты/page_181.html,Нет,0,УЗ-4,.html
ПДнDataset/share/Выгрузки/Сайты/256041_original.jpg,Нет,0,УЗ-4,.jpg
ПДнDataset/share/Выгрузки/Сайты/4153762_600.jpg,Нет,0,УЗ-4,.jpg
ПДнDataset/share/Выгрузки/Сайты/page_251.html,Нет,0,УЗ-4,.html
ПДнDataset/share/Выгрузки/Сайты/page_59.html,Нет,0,УЗ-4,.html
ПДнDataset/share/Выгрузки/Сайты/page_314.html,Нет,0,УЗ-4,.html
ПДнDataset/share/Выгрузки/Сайты/144685_800.jpg,Нет,0,УЗ-4,.jpg
ПДнDataset/share/Выгрузки/Сайты/3472_2000.jpg,Нет,0,УЗ-4,.jpg
ПДнDataset/share/Выгрузки/Сайты/page_197.html,Нет,0,УЗ-4,.html
ПДнDataset/share/Выгрузки/Сайты/page_178.html,Нет,0,УЗ-4,.html
ПДнDataset/share/Выгрузки/Сайты/page_482.html,Нет,0,УЗ-4,.html
ПДнDataset/share/Выгрузки/Сайты/46444_800.jpg,Нет,0,УЗ-4,.jpg
ПДнDataset/share/Выгрузки/Сайты/419500_1000.jpg,Нет,0,УЗ-4,.jpg
ПДнDataset/share/Выгрузки/Сайты/page_206.html,Нет,0,УЗ-4,.html
ПДнDataset/share/Выгрузки/Сайты/39980_800.png,Нет,0,УЗ-4,.png
ПДнDataset/share/Выгрузки/Сайты/138438_800.jpg,Нет,0,УЗ-4,.jpg
ПДнDataset/share/Выгрузки/Сайты/18491_original.png,Нет,0,УЗ-4,.png
ПДнDataset/share/Выгрузки/Сайты/95606375-14438121-The_pair_pictured_in_Wales_togheter-a-25_1740576629485.jpg,Нет,0,УЗ-4,.jpg
ПДнDataset/share/Выгрузки/Сайты/page_343.html,Нет,0,УЗ-4,.html
ПДнDataset/share/Выгрузки/Сайты/page_4.html,Нет,0,УЗ-4,.html
ПДнDataset/share/Выгрузки/Сайты/page_338.html,Нет,0,УЗ-4,.html
ПДнDataset/share/Выгрузки/Сайты/1065550_1000.png,Нет,0,УЗ-4,.png
ПДнDataset/share/Выгрузки/Сайты/page_292.html,Нет,0,УЗ-4,.html
ПДнDataset/share/Выгрузки/Сайты/620529_600.png,Нет,0,УЗ-4,.png
ПДнDataset/share/Выгрузки/Сайты/page_75.html,Нет,0,УЗ-4,.html
ПДнDataset/share/Выгрузки/Сайты/344678_original.jpg,Нет,0,УЗ-4,.jpg
ПДнDataset/share/Выгрузки/Сайты/page_154.html,Нет,0,УЗ-4,.html
ПДнDataset/share/Выгрузки/Сайты/1061_1000.png,Нет,0,УЗ-4,.png
ПДнDataset/share/Выгрузки/Сайты/page_441.html,Нет,0,УЗ-4,.html
ПДнDataset/share/Выгрузки/Сайты/118622_800.jpg,Нет,0,УЗ-4,.jpg
ПДнDataset/share/Выгрузки/Сайты/357236_original.jpg,Нет,0,УЗ-4,.jpg
ПДнDataset/share/Выгрузки/Сайты/375689_original.jpg,Нет,0,УЗ-4,.jpg
ПДнDataset/share/Выгрузки/Сайты/DSCF4289.jpg,Нет,0,УЗ-4,.jpg
ПДнDataset/share/Выгрузки/Сайты/page_380.html,Нет,0,УЗ-4,.html
ПДнDataset/share/Выгрузки/Сайты/page_22.html,Нет,0,УЗ-4,.html
ПДнDataset/share/Выгрузки/Сайты/14435751_original.jpg,Нет,0,УЗ-4,.jpg
ПДнDataset/share/Выгрузки/Сайты/page_103.html,Нет,0,УЗ-4,.html
ПДнDataset/share/Выгрузки/Сайты/4264_2000.jpg,Нет,0,УЗ-4,.jpg
ПДнDataset/share/Выгрузки/Сайты/page_416.html,Нет,0,УЗ-4,.html
ПДнDataset/share/Выгрузки/Сайты/619379_600.png,Нет,0,УЗ-4,.png
ПДнDataset/share/Выгрузки/Сайты/11643_900.jpg,Нет,0,УЗ-4,.jpg
ПДнDataset/share/Выгрузки/Сайты/page_379.html,Нет,0,УЗ-4,.html
ПДнDataset/share/Выгрузки/Сайты/7393344_original.jpg,Нет,0,УЗ-4,.jpg
ПДнDataset/share/Выгрузки/Сайты/26526_800.jpg,Нет,0,УЗ-4,.jpg
ПДнDataset/share/Выгрузки/Сайты/376250_original.jpg,Нет,0,УЗ-4,.jpg
ПДнDataset/share/Выгрузки/Сайты/95610109-14438121-image-a-67_1740582803448.jpg,Нет,0,УЗ-4,.jpg
ПДнDataset/share/Выгрузки/Сайты/page_34.html,Нет,0,УЗ-4,.html
ПДнDataset/share/Выгрузки/Сайты/page_396.html,Нет,0,УЗ-4,.html
ПДнDataset/share/Выгрузки/Сайты/3003178_2000.jpg,Нет,0,УЗ-4,.jpg
ПДнDataset/share/Выгрузки/Сайты/369732_original.jpg,Нет,0,УЗ-4,.jpg
ПДнDataset/share/Выгрузки/Сайты/GL0B3509.jpg,Нет,0,УЗ-4,.jpg
ПДнDataset/share/Выгрузки/Сайты/page_115.html,Нет,0,УЗ-4,.html
ПДнDataset/share/Выгрузки/Сайты/10712_900.jpg,Нет,0,УЗ-4,.jpg
ПДнDataset/share/Выгрузки/Сайты/page_400.html,Нет,0,УЗ-4,.html
ПДнDataset/share/Выгрузки/Сайты/95606379-14438121-The_Prince_and_Princess_of_Wales_are_visiting_Pontypridd_ahead_o-a-109_1740588279240.jpg,Нет,0,УЗ-4,.jpg
ПДнDataset/share/Выгрузки/Сайты/page_284.html,Нет,0,УЗ-4,.html
ПДнDataset/share/Выгрузки/Сайты/362355_original.jpg,Нет,0,УЗ-4,.jpg
ПДнDataset/share/Выгрузки/Сайты/4144133_600.jpg,Нет,0,УЗ-4,.jpg
ПДнDataset/share/Выгрузки/Сайты/374768_original.jpg,Нет,0,УЗ-4,.jpg
ПДнDataset/share/Выгрузки/Сайты/18333_900.jpg,Нет,0,УЗ-4,.jpg
ПДнDataset/share/Выгрузки/Сайты/page_63.html,Нет,0,УЗ-4,.html
ПДнDataset/share/Выгрузки/Сайты/page_142.html,Нет,0,УЗ-4,.html
ПДнDataset/share/Выгрузки/Сайты/4779_2000.jpg,Нет,0,УЗ-4,.jpg
ПДнDataset/share/Выгрузки/Сайты/419639_540.jpg,Нет,0,УЗ-4,.jpg
ПДнDataset/share/Выгрузки/Сайты/125132_800.jpg,Нет,0,УЗ-4,.jpg
ПДнDataset/share/Выгрузки/Сайты/page_457.html,Нет,0,УЗ-4,.html
ПДнDataset/share/Выгрузки/Сайты/278775_original.jpg,Нет,0,УЗ-4,.jpg
ПДнDataset/share/Выгрузки/Сайты/page_143.html,Нет,0,УЗ-4,.html
ПДнDataset/share/Выгрузки/Сайты/272485_original.jpg,Нет,0,УЗ-4,.jpg
ПДнDataset/share/Выгрузки/Сайты/4346249_original.jpg,Нет,0,УЗ-4,.jpg
ПДнDataset/share/Выгрузки/Сайты/page_456.html,Нет,0,УЗ-4,.html
ПДнDataset/share/Выгрузки/Сайты/page_285.html,Нет,0,УЗ-4,.html
ПДнDataset/share/Выгрузки/Сайты/370026_original.jpg,Нет,0,УЗ-4,.jpg
ПДнDataset/share/Выгрузки/Сайты/52044445680_d201a858c2_z.jpg,Нет,0,УЗ-4,.jpg
ПДнDataset/share/Выгрузки/Сайты/9931_540.png,Нет,0,УЗ-4,.png
ПДнDataset/share/Выгрузки/Сайты/page_62.html,Нет,0,УЗ-4,.html
ПДнDataset/share/Выгрузки/Сайты/141695_800.png,Нет,0,УЗ-4,.png
ПДнDataset/share/Выгрузки/Сайты/57e66fb7c610da94a6dd8443972f4ecc.jpg,Нет,0,УЗ-4,.jpg
ПДнDataset/share/Выгрузки/Сайты/page_114.html,Нет,0,УЗ-4,.html
ПДнDataset/share/Выгрузки/Сайты/350083_original.jpg,Нет,0,УЗ-4,.jpg
ПДнDataset/share/Выгрузки/Сайты/14039_900.jpg,Нет,0,УЗ-4,.jpg
ПДнDataset/share/Выгрузки/Сайты/page_401.html,Нет,0,УЗ-4,.html
ПДнDataset/share/Выгрузки/Сайты/12320_900.jpg,Нет,0,УЗ-4,.jpg
ПДнDataset/share/Выгрузки/Сайты/4143784_800.jpg,Нет,0,УЗ-4,.jpg
ПДнDataset/share/Выгрузки/Сайты/page_378.html,Нет,0,УЗ-4,.html
ПДнDataset/share/Выгрузки/Сайты/121681_original.png,Нет,0,УЗ-4,.png
ПДнDataset/share/Выгрузки/Сайты/14440951_original.jpg,Нет,0,УЗ-4,.jpg
ПДнDataset/share/Выгрузки/Сайты/page_35.html,Нет,0,УЗ-4,.html
ПДнDataset/share/Выгрузки/Сайты/10063_900.jpg,Нет,0,УЗ-4,.jpg
ПДнDataset/share/Выгрузки/Сайты/page_397.html,Нет,0,УЗ-4,.html
ПДнDataset/share/Выгрузки/Сайты/367149_original.jpg,Нет,0,УЗ-4,.jpg
ПДнDataset/share/Выгрузки/Сайты/1926427_300.jpg,Нет,0,УЗ-4,.jpg
ПДнDataset/share/Выгрузки/Сайты/page_102.html,Нет,0,УЗ-4,.html
ПДнDataset/share/Выгрузки/Сайты/1785073_800.jpg,Нет,0,УЗ-4,.jpg
ПДнDataset/share/Выгрузки/Сайты/page_417.html,Нет,0,УЗ-4,.html
ПДнDataset/share/Выгрузки/Сайты/11236_900.jpg,Нет,0,УЗ-4,.jpg
ПДнDataset/share/Выгрузки/Сайты/52043990928_2b726f3fe4_z.jpg,Нет,0,УЗ-4,.jpg
ПДнDataset/share/Выгрузки/Сайты/362985_original.jpg,Нет,0,УЗ-4,.jpg
ПДнDataset/share/Выгрузки/Сайты/340164_original.jpg,Нет,0,УЗ-4,.jpg
ПДнDataset/share/Выгрузки/Сайты/2750057_600.png,Нет,0,УЗ-4,.png
ПДнDataset/share/Выгрузки/Сайты/95608051-14438121-image-m-49_1740580233687.jpg,Нет,0,УЗ-4,.jpg
ПДнDataset/share/Выгрузки/Сайты/page_381.html,Нет,0,УЗ-4,.html
ПДнDataset/share/Выгрузки/Сайты/page_23.html,Нет,0,УЗ-4,.html
ПДнDataset/share/Выгрузки/Сайты/page_155.html,Нет,0,УЗ-4,.html
ПДнDataset/share/Выгрузки/Сайты/4979320_original.jpg,Нет,0,УЗ-4,.jpg
ПДнDataset/share/Выгрузки/Сайты/page_440.html,Нет,0,УЗ-4,.html
ПДнDataset/share/Выгрузки/Сайты/95612089-14438121-The_Prince_and_Princess_of_Wales_during_a_visit_to_Pontypridd_Ma-a-90_1740585554456.jpg,Нет,0,УЗ-4,.jpg
ПДнDataset/share/Выгрузки/Сайты/page_339.html,Нет,0,УЗ-4,.html
ПДнDataset/share/Выгрузки/Сайты/3383_900.jpg,Нет,0,УЗ-4,.jpg
ПДнDataset/share/Выгрузки/Сайты/4153477_600.jpg,Нет,0,УЗ-4,.jpg
ПДнDataset/share/Выгрузки/Сайты/page_293.html,Нет,0,УЗ-4,.html
ПДнDataset/share/Выгрузки/Сайты/page_74.html,Нет,0,УЗ-4,.html
ПДнDataset/share/Выгрузки/Сайты/4345096_original.jpg,Нет,0,УЗ-4,.jpg
ПДнDataset/share/Выгрузки/Сайты/90c6bc5aed721466921aabfefd763dd1b933dd2f.jpg,Нет,0,УЗ-4,.jpg
ПДнDataset/share/Выгрузки/Сайты/95888787-14466397-image-a-23_1741214635488.jpg,Нет,0,УЗ-4,.jpg
ПДнDataset/share/Выгрузки/Сайты/etiketka_napitka_luzhanskaja_1_g_luzhansk.jpg,Нет,0,УЗ-4,.jpg
ПДнDataset/share/Выгрузки/Сайты/356100_original.jpg,Нет,0,УЗ-4,.jpg
ПДнDataset/share/Выгрузки/Сайты/1000820_600.jpg,Нет,0,УЗ-4,.jpg
ПДнDataset/share/Выгрузки/Сайты/41363_800.png,Нет,0,УЗ-4,.png
ПДнDataset/share/Выгрузки/Сайты/page_5.html,Нет,0,УЗ-4,.html
ПДнDataset/share/Выгрузки/Сайты/cover1.jpg,Нет,0,УЗ-4,.jpg
ПДнDataset/share/Выгрузки/Сайты/345238_original.jpg,Нет,0,УЗ-4,.jpg
ПДнDataset/share/Выгрузки/Сайты/95608047-14438121-image-a-51_1740580281958.jpg,Нет,0,УЗ-4,.jpg
ПДнDataset/share/Выгрузки/Сайты/68586_original.png,Нет,0,УЗ-4,.png
ПДнDataset/share/Выгрузки/Сайты/page_207.html,Нет,0,УЗ-4,.html
ПДнDataset/share/Выгрузки/Сайты/374313_original.jpg,Нет,0,УЗ-4,.jpg
ПДнDataset/share/Выгрузки/Сайты/175291_300.jpg,Нет,0,УЗ-4,.jpg
ПДнDataset/share/Выгрузки/Сайты/vk_logo_color_32.png,Нет,0,УЗ-4,.png
ПДнDataset/share/Выгрузки/Сайты/page_342.html,Нет,0,УЗ-4,.html
ПДнDataset/share/Выгрузки/Сайты/bf15bdacb58015847499525ffcabb401.jpg,Нет,0,УЗ-4,.jpg
ПДнDataset/share/Выгрузки/Сайты/page_196.html,Нет,0,УЗ-4,.html
ПДнDataset/share/Выгрузки/Сайты/460_original.jpg,Нет,0,УЗ-4,.jpg
ПДнDataset/share/Выгрузки/Сайты/page_179.html,Нет,0,УЗ-4,.html
ПДнDataset/share/Выгрузки/Сайты/page_483.html,Нет,0,УЗ-4,.html
ПДнDataset/share/Выгрузки/Сайты/page_250.html,Нет,0,УЗ-4,.html
ПДнDataset/share/Выгрузки/Сайты/page_58.html,Нет,0,УЗ-4,.html
ПДнDataset/share/Выгрузки/Сайты/95608987-14438121-image-a-65_1740581172614.jpg,Нет,0,УЗ-4,.jpg
ПДнDataset/share/Выгрузки/Сайты/page_315.html,Нет,0,УЗ-4,.html
ПДнDataset/share/Выгрузки/Сайты/7873_2000.jpg,Нет,0,УЗ-4,.jpg
ПДнDataset/share/Выгрузки/Сайты/894795_original.jpg,Нет,0,УЗ-4,.jpg
ПДнDataset/share/Выгрузки/Сайты/page_180.html,Нет,0,УЗ-4,.html
ПДнDataset/share/Выгрузки/Сайты/101f2a672991992f5274e7a903ef2aa8.jpg,Нет,0,УЗ-4,.jpg
ПДнDataset/share/Выгрузки/Сайты/page_246.html,Нет,0,УЗ-4,.html
ПДнDataset/share/Выгрузки/Сайты/14434214_600.jpg,Нет,0,УЗ-4,.jpg
ПДнDataset/share/Выгрузки/Сайты/95614879-14438121-image-a-113_1740588954241.jpg,Нет,0,УЗ-4,.jpg
ПДнDataset/share/Выгрузки/Сайты/14688_900.jpg,Нет,0,УЗ-4,.jpg
ПДнDataset/share/Выгрузки/Сайты/186549_800.jpg,Нет,0,УЗ-4,.jpg
ПДнDataset/share/Выгрузки/Сайты/2920_original.jpg,Нет,0,УЗ-4,.jpg
ПДнDataset/share/Выгрузки/Сайты/page_303.html,Нет,0,УЗ-4,.html
ПДнDataset/share/Выгрузки/Сайты/1eec4933d232bd5acd2f272556d9d50d.jpg,Нет,0,УЗ-4,.jpg
ПДнDataset/share/Выгрузки/Сайты/125766_800.jpg,Нет,0,УЗ-4,.jpg
ПДнDataset/share/Выгрузки/Сайты/95612293-14438121-image-a-97_1740585973713.jpg,Нет,0,УЗ-4,.jpg
ПДнDataset/share/Выгрузки/Сайты/19165_540.png,Нет,0,УЗ-4,.png
ПДнDataset/share/Выгрузки/Сайты/page_138.html,Нет,0,УЗ-4,.html
ПДнDataset/share/Выгрузки/Сайты/2767_900.jpg,Нет,0,УЗ-4,.jpg
ПДнDataset/share/Выгрузки/Сайты/370904_original.jpg,Нет,0,УЗ-4,.jpg
ПДнDataset/share/Выгрузки/Сайты/5650_2000.jpg,Нет,0,УЗ-4,.jpg
ПДнDataset/share/Выгрузки/Сайты/1918_original.jpg,Нет,0,УЗ-4,.jpg
ПДнDataset/share/Выгрузки/Сайты/page_211.html,Нет,0,УЗ-4,.html
ПДнDataset/share/Выгрузки/Сайты/317881_1000.png,Нет,0,УЗ-4,.png
ПДнDataset/share/Выгрузки/Сайты/page_19.html,Нет,0,УЗ-4,.html
ПДнDataset/share/Выгрузки/Сайты/page_354.html,Нет,0,УЗ-4,.html
ПДнDataset/share/Выгрузки/Сайты/page_323.html,Нет,0,УЗ-4,.html
ПДнDataset/share/Выгрузки/Сайты/page_81.html,Нет,0,УЗ-4,.html
ПДнDataset/share/Выгрузки/Сайты/page_289.html,Нет,0,УЗ-4,.html
ПДнDataset/share/Выгрузки/Сайты/page_266.html,Нет,0,УЗ-4,.html
ПДнDataset/share/Выгрузки/Сайты/12156_800.jpg,Нет,0,УЗ-4,.jpg
ПДнDataset/share/Выгрузки/Сайты/95612757-14438121-image-a-104_1740586121959.jpg,Нет,0,УЗ-4,.jpg
ПДнDataset/share/Выгрузки/Сайты/page_374.html,Нет,0,УЗ-4,.html
ПДнDataset/share/Выгрузки/Сайты/old-historic-photos-67bec73435165__700.jpg,Нет,0,УЗ-4,.jpg
ПДнDataset/share/Выгрузки/Сайты/859516_800.jpg,Нет,0,УЗ-4,.jpg
ПДнDataset/share/Выгрузки/Сайты/IMG_20190107_005737_995-5c6fd9fac53e1__700.jpg,Нет,0,УЗ-4,.jpg
ПДнDataset/share/Выгрузки/Сайты/page_231.html,Нет,0,УЗ-4,.html
ПДнDataset/share/Выгрузки/Сайты/page_39.html,Нет,0,УЗ-4,.html
ПДнDataset/share/Выгрузки/Сайты/10840_900.jpg,Нет,0,УЗ-4,.jpg
ПДнDataset/share/Выгрузки/Сайты/page_118.html,Нет,0,УЗ-4,.html
ПДнDataset/share/Выгрузки/Сайты/10725_900.png,Нет,0,УЗ-4,.png
ПДнDataset/share/Выгрузки/Сайты/895011_original.jpg,Нет,0,УЗ-4,.jpg
ПДнDataset/share/Выгрузки/Сайты/125201_800.jpg,Нет,0,УЗ-4,.jpg
ПДнDataset/share/Выгрузки/Сайты/304599_original.jpg,Нет,0,УЗ-4,.jpg
ПДнDataset/share/Выгрузки/Сайты/7740_900.png,Нет,0,УЗ-4,.png
ПДнDataset/share/Выгрузки/Сайты/123635_800.jpg,Нет,0,УЗ-4,.jpg
ПДнDataset/share/Выгрузки/Сайты/page_362.html,Нет,0,УЗ-4,.html
ПДнDataset/share/Выгрузки/Сайты/14436588_original.jpg,Нет,0,УЗ-4,.jpg
ПДнDataset/share/Выгрузки/Сайты/page_227.html,Нет,0,УЗ-4,.html
ПДнDataset/share/Выгрузки/Сайты/14443684_original.jpg,Нет,0,УЗ-4,.jpg
ПДнDataset/share/Выгрузки/Сайты/2751791_600.png,Нет,0,УЗ-4,.png
ПДнDataset/share/Выгрузки/Сайты/2759107_600.png,Нет,0,УЗ-4,.png
ПДнDataset/share/Выгрузки/Сайты/14442976_original.jpg,Нет,0,УЗ-4,.jpg
ПДнDataset/share/Выгрузки/Сайты/fc6c7f01846b6ad5a70eb9bf49eb0d90.jpg,Нет,0,УЗ-4,.jpg
ПДнDataset/share/Выгрузки/Сайты/IMG_9821.jpg,Нет,0,УЗ-4,.jpg
ПДнDataset/share/Выгрузки/Сайты/page_97.html,Нет,0,УЗ-4,.html
ПДнDataset/share/Выгрузки/Сайты/124281_800.jpg,Нет,0,УЗ-4,.jpg
ПДнDataset/share/Выгрузки/Сайты/page_335.html,Нет,0,УЗ-4,.html
ПДнDataset/share/Выгрузки/Сайты/13076_900.jpg,Нет,0,УЗ-4,.jpg
ПДнDataset/share/Выгрузки/Сайты/84746_760.jpg,Нет,0,УЗ-4,.jpg
ПДнDataset/share/Выгрузки/Сайты/67643_original.png,Нет,0,УЗ-4,.png
ПДнDataset/share/Выгрузки/Сайты/143600_800.jpg,Нет,0,УЗ-4,.jpg
ПДнDataset/share/Выгрузки/Сайты/page_270.html,Нет,0,УЗ-4,.html
ПДнDataset/share/Выгрузки/Сайты/page_78.html,Нет,0,УЗ-4,.html
ПДнDataset/share/Выгрузки/Сайты/page_159.html,Нет,0,УЗ-4,.html
ПДнDataset/share/Выгрузки/Сайты/11418_900.jpg,Нет,0,УЗ-4,.jpg
ПДнDataset/share/Выгрузки/Сайты/f45d0cbb6926630b546921aaf2a15d73.jpg,Нет,0,УЗ-4,.jpg
ПДнDataset/share/Выгрузки/Сайты/95608049-14438121-image-a-50_1740580238021.jpg,Нет,0,УЗ-4,.jpg
ПДнDataset/share/Выгрузки/Сайты/296156_original.jpg,Нет,0,УЗ-4,.jpg
ПДнDataset/share/Выгрузки/Сайты/5294_2000.jpg,Нет,0,УЗ-4,.jpg
ПДнDataset/share/Выгрузки/Сайты/14465198_600.jpg,Нет,0,УЗ-4,.jpg
ПДнDataset/share/Выгрузки/Сайты/549637.jpg,Нет,0,УЗ-4,.jpg
ПДнDataset/share/Выгрузки/Сайты/12922_900.jpg,Нет,0,УЗ-4,.jpg
ПДнDataset/share/Выгрузки/Сайты/page_9.html,Нет,0,УЗ-4,.html
ПДнDataset/share/Выгрузки/Сайты/page_437.html,Нет,0,УЗ-4,.html
ПДнDataset/share/Выгрузки/Сайты/723_2000.jpg,Нет,0,УЗ-4,.jpg
ПДнDataset/share/Выгрузки/Сайты/293771_original.jpg,Нет,0,УЗ-4,.jpg
ПДнDataset/share/Выгрузки/Сайты/page_122.html,Нет,0,УЗ-4,.html
ПДнDataset/share/Выгрузки/Сайты/13082_900.jpg,Нет,0,УЗ-4,.jpg
ПДнDataset/share/Выгрузки/Сайты/page_54.html,Нет,0,УЗ-4,.html
ПДнDataset/share/Выгрузки/Сайты/355093_original.jpg,Нет,0,УЗ-4,.jpg
ПДнDataset/share/Выгрузки/Сайты/926386_800.jpg,Нет,0,УЗ-4,.jpg
ПДнDataset/share/Выгрузки/Сайты/page_319.html,Нет,0,УЗ-4,.html
ПДнDataset/share/Выгрузки/Сайты/374818_original.jpg,Нет,0,УЗ-4,.jpg
ПДнDataset/share/Выгрузки/Сайты/366873_original.jpg,Нет,0,УЗ-4,.jpg
ПДнDataset/share/Выгрузки/Сайты/page_460.html,Нет,0,УЗ-4,.html
ПДнDataset/share/Выгрузки/Сайты/page_175.html,Нет,0,УЗ-4,.html
ПДнDataset/share/Выгрузки/Сайты/617616_800.jpg,Нет,0,УЗ-4,.jpg
ПДнDataset/share/Выгрузки/Сайты/page_42.html,Нет,0,УЗ-4,.html
ПДнDataset/share/Выгрузки/Сайты/95606433-14438121-image-a-13_1740576442821.jpg,Нет,0,УЗ-4,.jpg
ПДнDataset/share/Выгрузки/Сайты/37059_800.jpg,Нет,0,УЗ-4,.jpg
ПДнDataset/share/Выгрузки/Сайты/557_800.png,Нет,0,УЗ-4,.png
ПДнDataset/share/Выгрузки/Сайты/14435951_original.jpg,Нет,0,УЗ-4,.jpg
ПДнDataset/share/Выгрузки/Сайты/page_476.html,Нет,0,УЗ-4,.html
ПДнDataset/share/Выгрузки/Сайты/P1000484.jpg,Нет,0,УЗ-4,.jpg
ПДнDataset/share/Выгрузки/Сайты/page_163.html,Нет,0,УЗ-4,.html
ПДнDataset/share/Выгрузки/Сайты/page_15.html,Нет,0,УЗ-4,.html
ПДнDataset/share/Выгрузки/Сайты/255892_original.jpg,Нет,0,УЗ-4,.jpg
ПДнDataset/share/Выгрузки/Сайты/895859_600.png,Нет,0,УЗ-4,.png
ПДнDataset/share/Выгрузки/Сайты/page_358.html,Нет,0,УЗ-4,.html
ПДнDataset/share/Выгрузки/Сайты/O5F8a3u.jpg,Нет,0,УЗ-4,.jpg
ПДнDataset/share/Выгрузки/Сайты/page_421.html,Нет,0,УЗ-4,.html
ПДнDataset/share/Выгрузки/Сайты/freddie-mercury-cats-5c6fb3b3ce236__605.jpg,Нет,0,УЗ-4,.jpg
ПДнDataset/share/Выгрузки/Сайты/page_134.html,Нет,0,УЗ-4,.html
ПДнDataset/share/Выгрузки/Сайты/76727_original.png,Нет,0,УЗ-4,.png
ПДнDataset/share/Выгрузки/Сайты/Доки/%D0%92.%D0%90.-%D0%9E%D1%80%D0%BB%D0%BE%D0%B2%D1%83-%D0%BE%D1%82-%D0%90.%D0%98.-%D0%90%D0%BD%D1%82%D0%BE%D0%BD%D0%BE%D0%B2%D0%B0.pdf,Нет,0,УЗ-4,.pdf
ПДнDataset/share/Выгрузки/Сайты/Доки/mcs2025-rare-earths.pdf,EMAIL,1,УЗ-4,.pdf
ПДнDataset/share/Выгрузки/Сайты/Доки/GlobalCriticalMineralsOutlook2024.pdf,PASSPORT,1,УЗ-3,.pdf
ПДнDataset/share/Выгрузки/Сайты/Доки/neutrality-treaty.pdf,Нет,0,УЗ-4,.pdf
ПДнDataset/share/Выгрузки/Сайты/Доки/%D0%BE%D0%B1%D1%80%D0%B0%D0%B1%D0%BE%D1%82%D0%BA%D0%B8%20%D0%BF%D0%B5%D1%80%D1%81%D0%BE%D0%BD%D0%B0%D0%BB%D1%8C%D0%BD%D1%8B%D1%85%20%D0%B4%D0%B0%D0%BD%D0%BD%D1%8B%D1%85%20dg-yug.ru.pdf,Нет,0,УЗ-4,.pdf
ПДнDataset/share/Выгрузки/Сайты/Доки/Russia.pdf,Нет,0,УЗ-4,.pdf
ПДнDataset/share/Выгрузки/Сайты/Доки/1725542163_Медиакит РБК 360.pdf,Нет,0,УЗ-4,.pdf
ПДнDataset/share/Выгрузки/Сайты/Доки/20241017-euco-conclusions-en.pdf,Нет,0,УЗ-4,.pdf
ПДнDataset/share/Выгрузки/Сайты/Доки/1725542351_Медиакит РБК Онлайн.pdf,Нет,0,УЗ-4,.pdf
ПДнDataset/share/Выгрузки/Сайты/Доки/1679555052_Центр событий РБК .pdf,Нет,0,УЗ-4,.pdf
ПДнDataset/share/Выгрузки/Сайты/Доки/presentation.pdf,Нет,0,УЗ-4,.pdf
ПДнDataset/share/Выгрузки/Сайты/Доки/Paulzovatelskoe_soglashenie_PAOSPB.pdf,"BIRTHDAY, EMAIL",2,УЗ-4,.pdf
ПДнDataset/share/Выгрузки/Сайты/Доки/ADV21-2024-Monthly-Canal-Operations-Summary-June-2024.pdf,Нет,0,УЗ-4,.pdf
ПДнDataset/share/Выгрузки/Сайты/Доки/Terms_of_service_upd.pdf,"PASSPORT, BIRTHDAY, EMAIL",5,УЗ-3,.pdf
ПДнDataset/share/Выгрузки/Сайты/Доки/20240306_fin_result_2023.pdf,Нет,0,УЗ-4,.pdf
ПДнDataset/share/Выгрузки/Сайты/Доки/subscribe_rules.pdf,EMAIL,1,УЗ-4,.pdf
ПДнDataset/share/Выгрузки/Сайты/Доки/1725542279_Отраслевые форумы РБК 2024.pdf,Нет,0,УЗ-4,.pdf
ПДнDataset/share/Выгрузки/Сайты/Доки/Privacy_policy_upd.pdf,"PASSPORT, BIRTHDAY, EMAIL",5,УЗ-3,.pdf
ПДнDataset/share/Выгрузки/Сайты/Доки/COMPS-1071.pdf,Нет,0,УЗ-4,.pdf
ПДнDataset/share/Выгрузки/Сайты/Доки/%D0%9E_%D1%82%D0%B5%D0%BA%D1%83%D1%89%D0%B5%D0%B8%CC%86_%D1%86%D0%B5%D0%BD%D0%BE%D0%B2%D0%BE%D0%B8%CC%86_%D1%81%D0%B8%D1%82%D1%83%D0%B0%D1%86%D0%B8%D0%B8_5_%D0%BC%D0%B0%D1%80%D1%82%D0%B0_2025_%D0%B3%D0%BE%D0%B4%D0%B0.pdf,Нет,0,УЗ-4,.pdf
ПДнDataset/share/Выгрузки/Сайты/Доки/1738660894_Приложения к договору субаренды (2).pdf,Нет,0,УЗ-4,.pdf
ПДнDataset/share/Выгрузки/Сайты/Доки/rbc.pdf,"BIRTHDAY, EMAIL",5,УЗ-4,.pdf
ПДнDataset/share/Выгрузки/Сайты/Доки/pril1_14112652.pdf,Нет,0,УЗ-4,.pdf
ПДнDataset/share/Выгрузки/Сайты/Доки/HEAD%204q2024%20release%20050324.pdf,Нет,0,УЗ-4,.pdf
ПДнDataset/share/Выгрузки/Сайты/Доки/1725542337_Медиакит РБК Телеканал.pdf,Нет,0,УЗ-4,.pdf
ПДнDataset/share/Выгрузки/Сайты/Доки/price-list.pdf,"PHONE, BIRTHDAY, EMAIL",3,УЗ-4,.pdf
ПДнDataset/share/Выгрузки/Сайты/Доки/license_telematika_2017-2022.pdf,Нет,0,УЗ-4,.pdf
ПДнDataset/share/Выгрузки/Сайты/Доки/Strategiya_razblokirovki_aktivov_SPB_Banka.pdf,PHONE,1,УЗ-4,.pdf
ПДнDataset/share/Выгрузки/Сайты/Доки/%D0%93%D0%9E%D0%A1%D0%A2%20%D0%A0%20%D0%A0%D0%B5%D0%B4%D0%BA%D0%BE%D0%B7%D0%B5%D0%BC%D0%B5%D0%BB%D1%8C%D0%BD%D1%8B%D0%B5%20%D1%8D%D0%BB%D0%B5%D0%BC%D0%B5%D0%BD%D1%82%D1%8B.%20%D0%A1%D0%BB%D0%BE%D0%B2%D0%B0%D1%80%D1%8C.%2018-04-22.docx,Нет,0,УЗ-4,.docx
ПДнDataset/share/Выгрузки/Сайты/Доки/preprint-frn-2023-critical-materials-list.pdf,EMAIL,1,УЗ-4,.pdf
ПДнDataset/share/Выгрузки/Сайты/Доки/contract.pdf,Нет,0,УЗ-4,.pdf
ПДнDataset/share/Выгрузки/Сайты/Доки/FCC-12-9A1.pdf,"PASSPORT, EMAIL",4,УЗ-3,.pdf
ПДнDataset/share/lost+found/#591990,Нет,0,УЗ-4,
ПДнDataset/share/lost+found/#607968,Нет,0,УЗ-4,
ПДнDataset/share/lost+found/#942021,Нет,0,УЗ-4,
ПДнDataset/share/lost+found/#685295,Нет,0,УЗ-4,
ПДнDataset/share/lost+found/#469418,Нет,0,УЗ-4,
ПДнDataset/share/lost+found/#872002,Нет,0,УЗ-4,
ПДнDataset/share/lost+found/#958615,Нет,0,УЗ-4,
ПДнDataset/share/lost+found/#349389,Нет,0,УЗ-4,
ПДнDataset/share/Прочее/%D0%9F1719%20%D0%9C%D0%B5%D0%B6%D0%B4%D1%83%D0%BD%20%D1%88%D0%BA%D0%BE%D0%BB%D0%B0%20%D0%B1%D0%B8%D0%B7%D0%BD%D0%B5%D1%81%D0%B0.pdf,Нет,0,УЗ-4,.pdf
ПДнDataset/share/Прочее/Договор.docx,BIRTHDAY,1,УЗ-4,.docx
ПДнDataset/share/Прочее/Harohalli_Hostel_Student_handbook.pdf,Нет,0,УЗ-4,.pdf
ПДнDataset/share/Прочее/Bid_Bachelor-Specialist.rtf,EMAIL,1,УЗ-4,.rtf
ПДнDataset/share/Прочее/ОС_07.03.01.pdf,Нет,0,УЗ-4,.pdf
ПДнDataset/share/Прочее/Otchet_2011.pdf,Нет,0,УЗ-4,.pdf
ПДнDataset/share/Прочее/П946-ассистентура стажировка в 2021.pdf,Нет,0,УЗ-4,.pdf
ПДнDataset/share/Прочее/Competitions_RFFI_list-2018_07.10-info.pdf,EMAIL,1,УЗ-4,.pdf
ПДнDataset/share/Прочее/Свидетельство 42.03.02.pdf,Нет,0,УЗ-4,.pdf
ПДнDataset/share/Прочее/P877_28052020.pdf,Нет,0,УЗ-4,.pdf
ПДнDataset/share/Прочее/Свидетельство ПОА 11.04.04.pdf,Нет,0,УЗ-4,.pdf
ПДнDataset/share/Прочее/5.7.1.pdf,BIRTHDAY,1,УЗ-4,.pdf
ПДнDataset/share/Прочее/%D0%A0%D0%90%D0%A1_142-%D1%80%20(1).pdf,Нет,0,УЗ-4,.pdf
ПДнDataset/share/Прочее/31072025_phd.pdf,Нет,0,УЗ-4,.pdf
ПДнDataset/share/Прочее/Prikaz_П196.pdf,Нет,0,УЗ-4,.pdf
ПДнDataset/share/Прочее/p64od2016.pdf,Нет,0,УЗ-4,.pdf
ПДнDataset/share/Прочее/Rasporiagenie-1092-p_report-form.rtf,EMAIL,1,УЗ-4,.rtf
ПДнDataset/share/Прочее/28_03_01.pdf,Нет,0,УЗ-4,.pdf
ПДнDataset/share/Прочее/П1152.pdf,Нет,0,УЗ-4,.pdf
ПДнDataset/share/Прочее/766.pdf,BIRTHDAY,18,УЗ-4,.pdf
ПДнDataset/share/Прочее/П219-ОД 54.03.01.pdf,Нет,0,УЗ-4,.pdf
ПДнDataset/share/Прочее/Ustav2019.pdf,Нет,0,УЗ-4,.pdf
ПДнDataset/share/Прочее/27.04.04.pdf,Нет,0,УЗ-4,.pdf
ПДнDataset/share/Прочее/AC_11082025.pdf,BIRTHDAY,248,УЗ-4,.pdf
ПДнDataset/share/Прочее/IT_Policy_2024.pdf,Нет,0,УЗ-4,.pdf
ПДнDataset/share/Прочее/00176-Programa-Anual-de-Disposicion-Final-de-Bienes-Muebles-no-utiles-2025.pdf,Нет,0,УЗ-4,.pdf
ПДнDataset/share/Прочее/63_ffa6_7.Gizlilik%20ve%20%C3%87erez%20Politikas%C4%B1_4064465.docx,EMAIL,3,УЗ-4,.docx
ПДнDataset/share/Прочее/П224-ОД 02.03.03.pdf,Нет,0,УЗ-4,.pdf
ПДнDataset/share/Прочее/11.07.2023%20%20%D0%9F229-%D0%9E%D0%94%20%D0%9F%D0%BE%D0%BB%D0%BE%D0%B6%D0%B5%D0%BD%D0%B8%D0%B5%20%D0%BE%20%D1%82%D0%BE%D1%87%D0%BA%D0%B5%20%D0%BA%D0%B8%D0%BF%D0%B5%D0%BD%D0%B8%D1%8F.pdf,Нет,0,УЗ-4,.pdf
ПДнDataset/share/Прочее/21.03.02_Землеустройство и кадастры.pdf,Нет,0,УЗ-4,.pdf
ПДнDataset/share/Прочее/%D0%9F%D0%A0%D0%9E%D0%93%D0%A0%D0%90%D0%9C%D0%9C%D0%90%20%D0%9C%D0%9D%D0%9F%D0%9A%20.pdf,"PHONE, EMAIL",2,УЗ-4,.pdf
ПДнDataset/share/Прочее/P375_12.03.20.pdf,Нет,0,УЗ-4,.pdf
ПДнDataset/share/Прочее/42.04.00.pdf,Нет,0,УЗ-4,.pdf
ПДнDataset/share/Прочее/Свидетельство ПОА 03.04.03.pdf,Нет,0,УЗ-4,.pdf
ПДнDataset/share/Прочее/Свидетельство 44.03.05.pdf,Нет,0,УЗ-4,.pdf
ПДнDataset/share/Прочее/П151 Обязательства.pdf,Нет,0,УЗ-4,.pdf
ПДнDataset/share/Прочее/%D0%9F15_%D0%9C%D0%A3%D0%90%D0%9C_%D0%A6%D0%9A.pdf,Нет,0,УЗ-4,.pdf
ПДнDataset/share/Прочее/Theory%20and%20methodology%20of%20research%20and%20teaching%20in%20hospitality%20industry.pdf,EMAIL,5,УЗ-4,.pdf
ПДнDataset/share/Прочее/%D0%9F%D0%BE%D0%BB%D0%BE%D0%B6%D0%B5%D0%BD%D0%B8%D0%B5_2025_%D0%A3%D1%82%D0%B2%D0%B5%D1%80%D0%B6%D0%B4%D0%B5%D0%BD%D0%BE_%D0%9E%D1%80%D0%B3%D0%BA%D0%BE%D0%BC%D0%B8%D1%82%D0%B5%D1%82%D0%BE%D0%BC.pdf,Нет,0,УЗ-4,.pdf
ПДнDataset/share/Прочее/Spanish%20course%20B.pdf,BIRTHDAY,66,УЗ-4,.pdf
ПДнDataset/share/Прочее/pravila-etiki-bgtu.pdf,Нет,0,УЗ-4,.pdf
ПДнDataset/share/Прочее/eko_mon.pdf,Нет,0,УЗ-4,.pdf
ПДнDataset/share/Прочее/sved_o_d_m_2017.xls,Нет,0,УЗ-4,.xls
ПДнDataset/share/Прочее/katalog_app_magistri.pdf,EMAIL,1,УЗ-4,.pdf
ПДнDataset/share/Прочее/49.pdf,EMAIL,1,УЗ-4,.pdf
ПДнDataset/share/Прочее/DSU_AC.pdf,Нет,0,УЗ-4,.pdf
ПДнDataset/share/Прочее/Life%20safety.pdf,EMAIL,1,УЗ-4,.pdf
ПДнDataset/share/Прочее/Horario_Aula_Hispánica_marzo-junio-2021.docx,EMAIL,3,УЗ-4,.docx
ПДнDataset/share/Прочее/5.3.5.pdf,Нет,0,УЗ-4,.pdf
ПДнDataset/share/Прочее/44.04.01_soc_ped.pdf,Нет,0,УЗ-4,.pdf
ПДнDataset/share/Прочее/ASP.docx,Нет,0,УЗ-4,.docx
ПДнDataset/share/Прочее/upr_izm.pdf,Нет,0,УЗ-4,.pdf
ПДнDataset/share/Прочее/1.6.pdf,Нет,0,УЗ-4,.pdf
ПДнDataset/share/Прочее/gk6wsflsno7xkvnynehy33ugy7n098ue.pdf,Нет,0,УЗ-4,.pdf
ПДнDataset/share/Прочее/p1327_10.06.2024.pdf,Нет,0,УЗ-4,.pdf
ПДнDataset/share/Прочее/pharm_d_2025.pdf,EMAIL,1,УЗ-4,.pdf
ПДнDataset/share/Прочее/pers_data_policy.pdf,Нет,0,УЗ-4,.pdf
ПДнDataset/share/Прочее/Aula_Hispanica_vesna_2018.pdf,EMAIL,2,УЗ-4,.pdf
ПДнDataset/share/Прочее/osn_geo_obr.pdf,Нет,0,УЗ-4,.pdf
ПДнDataset/share/Прочее/%D0%9F185-%D0%9E%D0%94%2044.05.01.pdf,Нет,0,УЗ-4,.pdf
ПДнDataset/share/Прочее/%D0%B7%D0%B0%D1%8F%D0%B2%D0%BB%D0%B5%D0%BD%D0%B8%D0%B5.docx,BIRTHDAY,1,УЗ-4,.docx
ПДнDataset/share/Прочее/Cod_etica_2023.pdf,BIRTHDAY,2,УЗ-4,.pdf
ПДнDataset/share/Прочее/ÂÕ1011.pdf,EMAIL,1,УЗ-4,.pdf
ПДнDataset/share/Прочее/%D0%A0%D0%90%D0%A1_766-%D1%80.pdf,Нет,0,УЗ-4,.pdf
ПДнDataset/share/Прочее/sostav_gr.xls,Нет,0,УЗ-4,.xls
ПДнDataset/share/Прочее/StateTask_report_2015-info.pdf,EMAIL,1,УЗ-4,.pdf
ПДнDataset/share/Прочее/P687_29.04.20.pdf,Нет,0,УЗ-4,.pdf
ПДнDataset/share/Прочее/П284-ОД_01.11.2024.pdf,Нет,0,УЗ-4,.pdf
ПДнDataset/share/Прочее/Вакансии 2022.pdf,Нет,0,УЗ-4,.pdf
ПДнDataset/share/Прочее/доп. об изменении цены_2ред.doc,Нет,0,УЗ-4,.doc
ПДнDataset/share/Прочее/Prikaz-1643.pdf,EMAIL,1,УЗ-4,.pdf
ПДнDataset/share/Прочее/Главный бухгалтер- Балашова ТН.xls,Нет,0,УЗ-4,.xls
ПДнDataset/share/Прочее/P476_NK_02.06.2025.pdf,Нет,0,УЗ-4,.pdf
ПДнDataset/share/Прочее/FK_sport.pdf,Нет,0,УЗ-4,.pdf
ПДнDataset/share/Прочее/4.1.3.pdf,Нет,0,УЗ-4,.pdf
ПДнDataset/share/Прочее/123456789.pdf,Нет,0,УЗ-4,.pdf
ПДнDataset/share/Прочее/samoobsled_2024.pdf,"PHONE, BIRTHDAY",65,УЗ-4,.pdf
ПДнDataset/share/Прочее/Декларация 2016г Новошахтинск.xls,Нет,0,УЗ-4,.xls
ПДнDataset/share/Прочее/П199-ОД 27.03.03.pdf,Нет,0,УЗ-4,.pdf
ПДнDataset/share/Прочее/%D0%9F401.pdf,Нет,0,УЗ-4,.pdf
ПДнDataset/share/Прочее/ОС_10.04.01.pdf,Нет,0,УЗ-4,.pdf
ПДнDataset/share/Прочее/Notification & Invitation - 11th Convocation of Manipal University Jaipur.pdf,EMAIL,3,УЗ-4,.pdf
ПДнDataset/share/Прочее/Свидетельство 44.03.04.pdf,Нет,0,УЗ-4,.pdf
ПДнDataset/share/Прочее/sved_dohod_2024.pdf,Нет,0,УЗ-4,.pdf
ПДнDataset/share/Прочее/5.5.2.pdf,Нет,0,УЗ-4,.pdf
ПДнDataset/share/Прочее/Свидетельство ПОА 03.04.02.pdf,Нет,0,УЗ-4,.pdf
ПДнDataset/share/Прочее/070404_M_3_30062017.pdf,Нет,0,УЗ-4,.pdf
ПДнDataset/share/Прочее/130402_M_3_26062018.pdf,Нет,0,УЗ-4,.pdf
ПДнDataset/share/Прочее/12.04.01_r.pdf,Нет,0,УЗ-4,.pdf
ПДнDataset/share/Прочее/38.04.02_ETP.pdf,Нет,0,УЗ-4,.pdf
ПДнDataset/share/Прочее/matematika_ino.pdf,Нет,0,УЗ-4,.pdf
ПДнDataset/share/Прочее/Свидетельство 41.04.02.pdf,Нет,0,УЗ-4,.pdf
ПДнDataset/share/Прочее/prikaz_1992.pdf,Нет,0,УЗ-4,.pdf
ПДнDataset/share/Прочее/%D0%A0%D0%90%D0%A1_1532-%D1%80.pdf,BIRTHDAY,1,УЗ-4,.pdf
ПДнDataset/share/Прочее/РАСП728-Р_10.07.2025.pdf,Нет,0,УЗ-4,.pdf
ПДнDataset/share/Прочее/%D0%9A%D0%B0%D0%BB%D0%B5%D0%BD%D0%B4%D0%B0%D1%80%D1%8C_%D0%B0%D0%B1%D0%B8%D1%82%D1%83%D1%80%D0%B8%D0%B5%D0%BD%D1%82%D0%B0_%D0%91%D0%B0%D0%BA%D0%B0%D0%BB%D0%B0%D0%B2%D1%80%D0%B8%D0%B0%D1%82.pdf,Нет,0,УЗ-4,.pdf
ПДнDataset/share/Прочее/17.03.01корабельное вооружение.pdf,Нет,0,УЗ-4,.pdf
ПДнDataset/share/Прочее/sved_o_d_g_2015.xls,Нет,0,УЗ-4,.xls
ПДнDataset/share/Прочее/%D0%A0%D0%90%D0%A1_988-%D1%80%20%D0%9E%D0%B1%20%D0%BE%D1%80%D0%B3%D0%B0%D0%BD%D0%B8%D0%B7%D0%B0%D1%86%D0%B8%D0%B8%20%D0%B4%D0%B8%D0%B0%D0%B3%D0%BD%D0%BE%D1%81%D1%82%D0%B8%D0%BA%D0%B8%20%D0%A3%D0%9A.pdf,EMAIL,1,УЗ-4,.pdf
ПДнDataset/share/Прочее/Media-Kit_KG_2020.pdf,"PHONE, EMAIL",44,УЗ-4,.pdf
ПДнDataset/share/Прочее/2024%20Y%C4%B1l%C4%B1%20%C4%B0dare%20Faaliyet%20Raporu.pdf,BIRTHDAY,516,УЗ-4,.pdf
ПДнDataset/share/Прочее/ece_2025.pdf,EMAIL,1,УЗ-4,.pdf
ПДнDataset/share/Прочее/%D0%A0%D0%B5%D0%BA%D0%BE%D0%BC%D0%B5%D0%BD%D0%B4%D0%B0%D1%86%D0%B8%D1%8F%20%D0%92%D0%90%D0%9A%2032-1-%D0%BD%D1%81%20%D0%BE%D1%82%2010.12.2021.pdf,Нет,0,УЗ-4,.pdf
ПДнDataset/share/Прочее/П1369 54.05.03 Графика.pdf,Нет,0,УЗ-4,.pdf
ПДнDataset/share/Прочее/P986.pdf,Нет,0,УЗ-4,.pdf
ПДнDataset/share/Прочее/120301_B_3_06102017.pdf,Нет,0,УЗ-4,.pdf
ПДнDataset/share/Прочее/P324_OD.pdf,Нет,0,УЗ-4,.pdf
ПДнDataset/share/Прочее/49PSMN519.pdf,"PASSPORT, EMAIL",20,УЗ-3,.pdf
ПДнDataset/share/Прочее/38.04.01.pdf,Нет,0,УЗ-4,.pdf
ПДнDataset/share/Прочее/060402_M_3_20082020.pdf,Нет,0,УЗ-4,.pdf
ПДнDataset/share/Прочее/Problems.docx,Нет,0,УЗ-4,.docx
ПДнDataset/share/Прочее/Molecular_spectrostroscopy.pdf,"BIRTHDAY, EMAIL",2,УЗ-4,.pdf
ПДнDataset/share/Прочее/pr7.pdf,Нет,0,УЗ-4,.pdf
ПДнDataset/share/Прочее/r759_15.07.2024.pdf,Нет,0,УЗ-4,.pdf
ПДнDataset/share/Прочее/osn_turism.pdf,Нет,0,УЗ-4,.pdf
ПДнDataset/share/Прочее/П-606_18_04_2019.pdf,Нет,0,УЗ-4,.pdf
ПДнDataset/share/Прочее/%D0%A0%D0%90%D0%A1_95-%D1%80%20%D0%9F%D1%80%D0%B5%D1%81%D1%82%D0%B8%D0%B6%20%D1%80%D0%B0%D0%B1%D0%BE%D1%82%D0%BE%D0%B4%D0%B0%D1%82%D0%B5%D0%BB%D0%B0%D0%B5%D0%B9.pdf,Нет,0,УЗ-4,.pdf
ПДнDataset/share/Прочее/ОС_07.03.02.pdf,Нет,0,УЗ-4,.pdf
ПДнDataset/share/Прочее/Otchet_2012.pdf,Нет,0,УЗ-4,.pdf
ПДнDataset/share/Прочее/38.04.03.pdf,Нет,0,УЗ-4,.pdf
ПДнDataset/share/Прочее/5.7.2.pdf,BIRTHDAY,1,УЗ-4,.pdf
ПДнDataset/share/Прочее/Prot3_11.03.2025.pdf,"SNILS, BIRTHDAY",142,УЗ-3,.pdf
ПДнDataset/share/Прочее/П446_11.03.2025.pdf,Нет,0,УЗ-4,.pdf
ПДнDataset/share/Прочее/16862016212227.pdf,Нет,0,УЗ-4,.pdf
ПДнDataset/share/Прочее/P984.pdf,Нет,0,УЗ-4,.pdf
ПДнDataset/share/Прочее/Свидетельство 42.03.01.pdf,Нет,0,УЗ-4,.pdf
ПДнDataset/share/Прочее/Catalogue_of_UNG_Equipment_and_Expertise_for_External_users.pdf,EMAIL,87,УЗ-4,.pdf
ПДнDataset/share/Прочее/sved_o_d_g_2017.xls,Нет,0,УЗ-4,.xls
ПДнDataset/share/Прочее/Ростов_брендбук.pdf,Нет,0,УЗ-4,.pdf
ПДнDataset/share/Прочее/protokol_21.pdf,"PHONE, EMAIL",2,УЗ-4,.pdf
ПДнDataset/share/Прочее/anketa_dpo_2023.docx,Нет,0,УЗ-4,.docx
ПДнDataset/share/Прочее/17411731596747.pdf,Нет,0,УЗ-4,.pdf
ПДнDataset/share/Прочее/Inform-pismoSTO2016.doc,Нет,0,УЗ-4,.doc
ПДнDataset/share/Прочее/09.03.04 Программная инженерия.pdf,Нет,0,УЗ-4,.pdf
ПДнDataset/share/Прочее/Competitions_list-2017_01.09-info.pdf,EMAIL,1,УЗ-4,.pdf
ПДнDataset/share/Прочее/2190-4286-12-49-S1.pdf,PHONE,1,УЗ-4,.pdf
ПДнDataset/share/Прочее/09.03.02 Информац.системы и технологии.pdf,Нет,0,УЗ-4,.pdf
ПДнDataset/share/Прочее/Свидетельство 38.04.08.pdf,Нет,0,УЗ-4,.pdf
ПДнDataset/share/Прочее/06_gorgorova.pdf,"BIRTHDAY, EMAIL",9,УЗ-4,.pdf
ПДнDataset/share/Прочее/Приказ о порядке оплаты проживания в общежитиях ЮФУ с 01.07.2024.pdf,Нет,0,УЗ-4,.pdf
ПДнDataset/share/Прочее/P2402_28_12_2018.pdf,Нет,0,УЗ-4,.pdf
ПДнDataset/share/Прочее/82174ac3fa46f97441160bfa3b5fef76.pdf,Нет,0,УЗ-4,.pdf
ПДнDataset/share/Прочее/p1312_07.06.2024.pdf,Нет,0,УЗ-4,.pdf
ПДнDataset/share/Прочее/9ld9ylp04noekda30doh1pe1qjxt7md9.pdf,BIRTHDAY,1,УЗ-4,.pdf
ПДнDataset/share/Прочее/P64_27.03.20.pdf,Нет,0,УЗ-4,.pdf
ПДнDataset/share/Прочее/bak_lk_2025.pdf,Нет,0,УЗ-4,.pdf
ПДнDataset/share/Прочее/П44-ОД_38.03.01 Экономика.pdf,Нет,0,УЗ-4,.pdf
ПДнDataset/share/Прочее/Competitions_RFFI_list-2018_05.15-info.pdf,EMAIL,1,УЗ-4,.pdf
ПДнDataset/share/Прочее/D212-208-10_01-04-03_TimoshenkoPE_Paper.pdf,Нет,0,УЗ-4,.pdf
ПДнDataset/share/Прочее/П198-ОД 09.04.04.pdf,Нет,0,УЗ-4,.pdf
ПДнDataset/share/Прочее/Spanish%20course%20A.pdf,BIRTHDAY,66,УЗ-4,.pdf
ПДнDataset/share/Прочее/П1365 07.03.04 Градостроительство.pdf,Нет,0,УЗ-4,.pdf
ПДнDataset/share/Прочее/П212-ОД 37.05.02_0.pdf,Нет,0,УЗ-4,.pdf
ПДнDataset/share/Прочее/18n.pdf,BIRTHDAY,12,УЗ-4,.pdf
ПДнDataset/share/Прочее/social2024.pdf,BIRTHDAY,2,УЗ-4,.pdf
ПДнDataset/share/Прочее/Result_Interview for PhD Admission_January 2025.pdf,Нет,0,УЗ-4,.pdf
ПДнDataset/share/Прочее/informatika.pdf,"PASSPORT, BIRTHDAY",3,УЗ-3,.pdf
ПДнDataset/share/Прочее/РУКОВОДСТВО_ПО_БРЕНДИНГУ_2025.pdf,"PHONE, EMAIL",9,УЗ-4,.pdf
ПДнDataset/share/Прочее/14-2042.pdf,EMAIL,1,УЗ-4,.pdf
ПДнDataset/share/Прочее/1C_University_PROF-manual.pdf,EMAIL,1,УЗ-4,.pdf
ПДнDataset/share/Прочее/Azov_conf-buklet.pdf,EMAIL,1,УЗ-4,.pdf
ПДнDataset/share/Прочее/5.9.6_sp.pdf,Нет,0,УЗ-4,.pdf
ПДнDataset/share/Прочее/1.5.pdf,Нет,0,УЗ-4,.pdf
ПДнDataset/share/Прочее/44.04.04.pdf,Нет,0,УЗ-4,.pdf
ПДнDataset/share/Прочее/instr_PNO.pdf,Нет,0,УЗ-4,.pdf
ПДнDataset/share/Прочее/Свидетельство 40.04.01_Юрист-финансист.pdf,Нет,0,УЗ-4,.pdf
ПДнDataset/share/Прочее/%D0%A0%D0%90%D0%A1%D0%9F1035-%D1%80%20HR.pdf,Нет,0,УЗ-4,.pdf
ПДнDataset/share/Прочее/02-06.1-1112.pdf,Нет,0,УЗ-4,.pdf
ПДнDataset/share/Прочее/11.03.04_Электроника и наноэлектроника_П210-ОД_ПИШ.pdf,Нет,0,УЗ-4,.pdf
ПДнDataset/share/Прочее/110301_B_3_17102017.pdf,Нет,0,УЗ-4,.pdf
ПДнDataset/share/Прочее/Политика_обработки_ПДн_ООО_РУФОРМ.pdf,Нет,0,УЗ-4,.pdf
ПДнDataset/share/Прочее/П1367 54.05.02 Живопись.pdf,Нет,0,УЗ-4,.pdf
ПДнDataset/share/Прочее/5.1.4.pdf,BIRTHDAY,1,УЗ-4,.pdf
ПДнDataset/share/Прочее/Raport_2024_EN.pdf,"PHONE, EMAIL",5,УЗ-4,.pdf
ПДнDataset/share/Прочее/P_46.pdf,BIRTHDAY,9,УЗ-4,.pdf
ПДнDataset/share/Прочее/П1364 54.03.02 ДПИ.pdf,Нет,0,УЗ-4,.pdf
ПДнDataset/share/Прочее/r497_20.05.2024.pdf,Нет,0,УЗ-4,.pdf
ПДнDataset/share/Прочее/izveshenie_014.pdf,Нет,0,УЗ-4,.pdf
ПДнDataset/share/Прочее/Aula_Hispanica_rus_2015.pdf,Нет,0,УЗ-4,.pdf
ПДнDataset/share/Прочее/%D0%B0%D0%BD%D0%BA%D0%B5%D1%82%D0%B0.docx,Нет,0,УЗ-4,.docx
ПДнDataset/share/Прочее/1.4.pdf,Нет,0,УЗ-4,.pdf
ПДнDataset/share/Прочее/Announcement-on-the-Opening-Day-of-the-INEP-SFU-on-March-30-2024.pdf,PHONE,1,УЗ-4,.pdf
"ПДнDataset/share/Прочее/Приказ ФСТЭК России от 03_05.2023 N 74  Об утверждении требований оформлению заявления о предоставлении лицензии, разрешения.docx","BIRTHDAY, EMAIL",3,УЗ-4,.docx
ПДнDataset/share/Прочее/Свидетельство ПОА 05.04.06.pdf,Нет,0,УЗ-4,.pdf
ПДнDataset/share/Прочее/How_to_get_enrolled_2025.pdf,BIRTHDAY,24,УЗ-4,.pdf
ПДнDataset/share/Прочее/sport_podg_ino.pdf,BIRTHDAY,5,УЗ-4,.pdf
ПДнDataset/share/Прочее/Приказ 391.pdf,Нет,0,УЗ-4,.pdf
ПДнDataset/share/Прочее/%D0%9F%D1%80%D0%B8%D0%BB%D0%BE%D0%B6%D0%B5%D0%BD%D0%B8%D0%B5%207%20(%D0%A2%D0%B0%D0%B3%D0%B0%D0%BD%D1%80%D0%BE%D0%B3).pdf,Нет,0,УЗ-4,.pdf
ПДнDataset/share/Прочее/1C_University-publications_and_scientific_action_counting-instruction.pdf,EMAIL,1,УЗ-4,.pdf
ПДнDataset/share/Прочее/SciFinder%20Discovery%20Platform.pdf,Нет,0,УЗ-4,.pdf
ПДнDataset/share/Прочее/sved_o_d_m_2015.xls,Нет,0,УЗ-4,.xls
ПДнDataset/share/Прочее/Course%20syllabus%20%20MATHEMATICAL%20MODELS%20OF%20PROCESS%20AND%20SYSTEMS.pdf,EMAIL,1,УЗ-4,.pdf
ПДнDataset/share/Прочее/Agro-industrial_complex_Innovations_conf-info.pdf,EMAIL,1,УЗ-4,.pdf
ПДнDataset/share/Прочее/BDesign_brochure.pdf,PASSPORT,1,УЗ-3,.pdf
ПДнDataset/share/Прочее/П451_12.03.2025.pdf,Нет,0,УЗ-4,.pdf
ПДнDataset/share/Прочее/plan-meropriyatij-bgtu-k-80-letiyu-osvobozhdeniya.pdf,Нет,0,УЗ-4,.pdf
ПДнDataset/share/Прочее/П216-ОД.pdf,EMAIL,2,УЗ-4,.pdf
ПДнDataset/share/Прочее/Aula_Hispánica_vesna_2018_rus.doc,Нет,0,УЗ-4,.doc
ПДнDataset/share/Прочее/44.03.05_ОС_ПО (с двумя проф.)_compressed.pdf,Нет,0,УЗ-4,.pdf
ПДнDataset/share/Прочее/%D0%9F%D1%80%D0%B0%D0%B2%D0%B8%D0%BB%D0%B0-%D0%BF%D1%80%D0%B8%D0%B5%D0%BC%D0%B0_%D0%BC%D0%B0%D0%B3%D0%B8%D1%81%D1%82%D1%80-2025.pdf,Нет,0,УЗ-4,.pdf
ПДнDataset/share/Прочее/2.3.1_t.pdf,Нет,0,УЗ-4,.pdf
ПДнDataset/share/Прочее/ipa2014%20(1).docx,Нет,0,УЗ-4,.docx
ПДнDataset/share/Прочее/zhiv_cher.pdf,Нет,0,УЗ-4,.pdf
ПДнDataset/share/Прочее/5.5.1.pdf,Нет,0,УЗ-4,.pdf
ПДнDataset/share/Прочее/П1187.pdf,Нет,0,УЗ-4,.pdf
ПДнDataset/share/Прочее/Свидетельство 41.04.01.pdf,Нет,0,УЗ-4,.pdf
ПДнDataset/share/Прочее/ekol_prirod.pdf,BIRTHDAY,1,УЗ-4,.pdf
ПДнDataset/share/Прочее/62626885622d89.66091326.pdf,Нет,0,УЗ-4,.pdf
ПДнDataset/share/Прочее/%D0%90%D1%80%D1%82%D0%B5%D0%BC%20%D0%A8%D0%B0%D0%B4%D1%80%D0%B8%D0%BD.pdf,Нет,0,УЗ-4,.pdf
ПДнDataset/share/Прочее/П165-ОД 40.03.01_0.pdf,Нет,0,УЗ-4,.pdf
ПДнDataset/share/Прочее/4b708f12-9518-45cd-bac0-7b3ae2b4e78e.pdf,Нет,0,УЗ-4,.pdf
ПДнDataset/share/Прочее/osn_russ_lit.pdf,Нет,0,УЗ-4,.pdf
ПДнDataset/share/Прочее/Protokol_20.pdf,EMAIL,1,УЗ-4,.pdf
ПДнDataset/share/Прочее/P79-OD.pdf,Нет,0,УЗ-4,.pdf
ПДнDataset/share/Прочее/27.04.06.pdf,"PASSPORT, BIRTHDAY",2,УЗ-3,.pdf
ПДнDataset/share/Прочее/6. СПО Ин .pdf,Нет,0,УЗ-4,.pdf
ПДнDataset/share/Прочее/ОС_06.05.01.pdf,Нет,0,УЗ-4,.pdf
ПДнDataset/share/Прочее/RuCodeFestival-info.pdf,EMAIL,1,УЗ-4,.pdf
ПДнDataset/share/Прочее/price-2025.pdf,"PHONE, EMAIL",3,УЗ-4,.pdf
ПДнDataset/share/Прочее/38.04.02.pdf,Нет,0,УЗ-4,.pdf
ПДнDataset/share/Прочее/Otchet_2013.pdf,Нет,0,УЗ-4,.pdf
ПДнDataset/share/Прочее/ОС_07.03.03.pdf,Нет,0,УЗ-4,.pdf
ПДнDataset/share/Прочее/politika-opd.pdf,Нет,0,УЗ-4,.pdf
ПДнDataset/share/Прочее/%D0%98%D0%B7%D0%BC%D0%B5%D0%BD%D0%B5%D0%BD%D0%B8%D1%8F%20%D0%B2%20%D0%A3%D1%81%D1%82%D0%B0%D0%B2%20%D0%BE%D1%82%2024%20%D1%81%D0%B5%D0%BD%D1%82%D1%8F%D0%B1%D1%80%D1%8F%202024.pdf,BIRTHDAY,15,УЗ-4,.pdf
ПДнDataset/share/Прочее/Management%20advances%20in%20hospitality.pdf,EMAIL,1,УЗ-4,.pdf
ПДнDataset/share/Прочее/П279-ОД_01.11.2024.pdf,Нет,0,УЗ-4,.pdf
ПДнDataset/share/Прочее/П166-ОД 40.04.01_0.pdf,Нет,0,УЗ-4,.pdf
ПДнDataset/share/Прочее/Metod_Rek_Rating2015.pdf,BIRTHDAY,9,УЗ-4,.pdf
ПДнDataset/share/Прочее/5.9.8.pdf,Нет,0,УЗ-4,.pdf
ПДнDataset/share/Прочее/goslicense.pdf,BIRTHDAY,3,УЗ-4,.pdf
ПДнDataset/share/Прочее/Planes_Aula_Hispánica_2016_rus_osen.doc,Нет,0,УЗ-4,.doc
ПДнDataset/share/Прочее/National_association_scientific_publications_conf-info.pdf,EMAIL,1,УЗ-4,.pdf
ПДнDataset/share/Прочее/Prikaz-1724.pdf,EMAIL,1,УЗ-4,.pdf
ПДнDataset/share/Прочее/5.7.7.pdf,BIRTHDAY,1,УЗ-4,.pdf
ПДнDataset/share/Прочее/prikaz35od.pdf,Нет,0,УЗ-4,.pdf
ПДнDataset/share/Прочее/Anant-Ram-UGC.pdf,BIRTHDAY,1,УЗ-4,.pdf
ПДнDataset/share/Прочее/Информация о результатах приема 2024.pdf,Нет,0,УЗ-4,.pdf
ПДнDataset/share/Прочее/FCP_competitions-notice.rtf,EMAIL,1,УЗ-4,.rtf
ПДнDataset/share/Прочее/Свидетельство ПОА 11.04.02.pdf,Нет,0,УЗ-4,.pdf
ПДнDataset/share/Прочее/П13662.pdf,Нет,0,УЗ-4,.pdf
ПДнDataset/share/Прочее/Согласие участника конкурса.docx,BIRTHDAY,2,УЗ-4,.docx
ПДнDataset/share/Прочее/ph_ino.pdf,Нет,0,УЗ-4,.pdf
ПДнDataset/share/Прочее/%D0%90%D0%9D%D0%9E%20%D0%A0%D0%A1%D0%92%20203-22_50%20%D0%BE%D1%82%2012_10_21.pdf,Нет,0,УЗ-4,.pdf
ПДнDataset/share/Прочее/mn1p_2016.docx,Нет,0,УЗ-4,.docx
ПДнDataset/share/Прочее/РАСП727-Р_10.07.2025.pdf,Нет,0,УЗ-4,.pdf
ПДнDataset/share/Прочее/protokol_18.pdf,Нет,0,УЗ-4,.pdf
ПДнDataset/share/Прочее/Protokol_04_02_2021.pdf,"PHONE, EMAIL",2,УЗ-4,.pdf
ПДнDataset/share/Прочее/vsp_isp_ogran_zdorov.pdf,Нет,0,УЗ-4,.pdf
ПДнDataset/share/Прочее/%D0%90%D0%9D%D0%9A%D0%95%D0%A2%D0%90-%D1%81%D0%B2%D0%B5%D0%B4%D0%B5%D0%BD%D0%B8%D1%8F-%D0%BE-%D0%B2%D0%BE%D0%B8%D0%BD%D1%81%D0%BA%D0%BE%D0%BC-%D1%83%D1%87%D0%B5%D1%82%D0%B5.docx,Нет,0,УЗ-4,.docx
ПДнDataset/share/Прочее/sved_dohod_2023.pdf,"PASSPORT, PHONE, BIRTHDAY, EMAIL",4,УЗ-3,.pdf
ПДнDataset/share/Прочее/2025_MSASM_PI_E010.pdf,Нет,0,УЗ-4,.pdf
ПДнDataset/share/Прочее/Course%20syllabus%20sample_Environmental%20problems%20and%20environmental%20pollution.pdf,EMAIL,1,УЗ-4,.pdf
ПДнDataset/share/Прочее/5. СПО РФ П1231.pdf,Нет,0,УЗ-4,.pdf
ПДнDataset/share/Прочее/sved_o_d_r_2015.xls,Нет,0,УЗ-4,.xls
ПДнDataset/share/Прочее/%D0%9F181-%D0%9E%D0%94%2044.03.05.pdf,Нет,0,УЗ-4,.pdf
ПДнDataset/share/Прочее/П67-ОД.pdf,Нет,0,УЗ-4,.pdf
ПДнDataset/share/Прочее/Свидетельство 40.04.01_Бизнес-юрист.pdf,Нет,0,УЗ-4,.pdf
ПДнDataset/share/Прочее/P429_13.03.2024.pdf,Нет,0,УЗ-4,.pdf
ПДнDataset/share/Прочее/П231-ОД 49.03.02_0.pdf,Нет,0,УЗ-4,.pdf
ПДнDataset/share/Прочее/Competitions_list_August-2017-info.pdf,EMAIL,1,УЗ-4,.pdf
ПДнDataset/share/Прочее/Competitive_selection_2016-Regulation-KD.pdf,EMAIL,1,УЗ-4,.pdf
ПДнDataset/share/Прочее/Свидетельство 44.03.03.pdf,Нет,0,УЗ-4,.pdf
ПДнDataset/share/Прочее/Tesis_kruglii_stol_1.pdf,Нет,0,УЗ-4,.pdf
ПДнDataset/share/Прочее/P1026.pdf,Нет,0,УЗ-4,.pdf
ПДнDataset/share/Прочее/2_6_6_Nanotechnology_and_nanomaterials.pdf,Нет,0,УЗ-4,.pdf
ПДнDataset/share/Прочее/П270-ОД Центр развития партнёрств.pdf,Нет,0,УЗ-4,.pdf
ПДнDataset/share/Прочее/27.03.03 Системный аналих и управление.pdf,Нет,0,УЗ-4,.pdf
ПДнDataset/share/Прочее/Rasporiagenie-1129-p.pdf,EMAIL,1,УЗ-4,.pdf
ПДнDataset/share/Прочее/010401_M_3_13022018.pdf,Нет,0,УЗ-4,.pdf
ПДнDataset/share/Прочее/9.pdf,Нет,0,УЗ-4,.pdf
ПДнDataset/share/Прочее/Prikaz-1678.pdf,EMAIL,1,УЗ-4,.pdf
ПДнDataset/share/Прочее/komp_teh.pdf,Нет,0,УЗ-4,.pdf
ПДнDataset/share/Прочее/П1149_21.05.2025.pdf,"PASSPORT, PHONE, BIRTHDAY",35,УЗ-3,.pdf
ПДнDataset/share/Прочее/osn_mat_obr.pdf,Нет,0,УЗ-4,.pdf
ПДнDataset/share/Прочее/Ukaz Prezidenta 226.rtf,BIRTHDAY,2,УЗ-4,.rtf
ПДнDataset/share/Прочее/02.04.02_rob.pdf,Нет,0,УЗ-4,.pdf
ПДнDataset/share/Прочее/Plehanov2016.pdf,Нет,0,УЗ-4,.pdf
ПДнDataset/share/Прочее/Prikaz 519 28.01.2015.pdf,Нет,0,УЗ-4,.pdf
ПДнDataset/share/Прочее/P639.pdf,BIRTHDAY,9,УЗ-4,.pdf
ПДнDataset/share/Прочее/Prog_stud_conf_Dec_es_2024_rus.pdf,Нет,0,УЗ-4,.pdf
ПДнDataset/share/Прочее/П1366 07.04.02 Реконструкция и реставрация архитектурного наследия.pdf,Нет,0,УЗ-4,.pdf
"ПДнDataset/share/Прочее/П1564%20Порядок%20применения%20ЭО,%20ДОТ%20при%20реализации%20ОП.pdf",Нет,0,УЗ-4,.pdf
ПДнDataset/share/Прочее/kreativ_ind.pdf,Нет,0,УЗ-4,.pdf
ПДнDataset/share/Прочее/12.04.01_Приборостроение_П210-ОД_ПИШ.pdf,Нет,0,УЗ-4,.pdf
ПДнDataset/share/Прочее/П260-ОД в 2014 г.pdf,Нет,0,УЗ-4,.pdf
ПДнDataset/share/Прочее/P605.pdf,Нет,0,УЗ-4,.pdf
ПДнDataset/share/Прочее/РАС181-р_26.02.2025.pdf,Нет,0,УЗ-4,.pdf
ПДнDataset/share/Прочее/do-market-commentary-global-disclosure.pdf,EMAIL,1,УЗ-4,.pdf
ПДнDataset/share/Прочее/%D0%9F%D0%A3%D0%91%D0%9B%D0%98%D0%A7%D0%9D%D0%AB%D0%99%20%D0%9E%D0%A2%D0%A7%D0%81%D0%A2%20%D0%A2%D0%9A%20%D0%AE%D0%A4%D0%A3%202020_0.pdf,"PHONE, BIRTHDAY, EMAIL",13,УЗ-4,.pdf
ПДнDataset/share/Прочее/prikaz_П256-ОД.pdf,Нет,0,УЗ-4,.pdf
ПДнDataset/share/Прочее/П1132 ДПО курсы русского.pdf,Нет,0,УЗ-4,.pdf
ПДнDataset/share/Прочее/P374_12.03.20.pdf,Нет,0,УЗ-4,.pdf
ПДнDataset/share/Прочее/ped_doshk.pdf,BIRTHDAY,3,УЗ-4,.pdf
ПДнDataset/share/Прочее/katalog_app_baki.pdf,EMAIL,1,УЗ-4,.pdf
ПДнDataset/share/Прочее/П1043 о стоимости СПО в 2021.pdf,Нет,0,УЗ-4,.pdf
ПДнDataset/share/Прочее/49.04.03.pdf,Нет,0,УЗ-4,.pdf
ПДнDataset/share/Прочее/Pr430_13.03.2024.pdf,Нет,0,УЗ-4,.pdf
ПДнDataset/share/Прочее/1.1.pdf,Нет,0,УЗ-4,.pdf
ПДнDataset/share/Прочее/cert_uoa_iqas_2024_2029.pdf,Нет,0,УЗ-4,.pdf
ПДнDataset/share/Прочее/Pr637_01.04.2024.pdf,Нет,0,УЗ-4,.pdf
ПДнDataset/share/Прочее/TsKP_Elektromagnitnye_elektromekhanicheskie_i_teplovye_svoystva_tvyordykh_tel_Babeshko.pdf,Нет,0,УЗ-4,.pdf
ПДнDataset/share/Прочее/%D0%A0%D0%90%D0%A1_546-%D1%80.pdf,Нет,0,УЗ-4,.pdf
ПДнDataset/share/Прочее/P693_29.04.20.pdf,Нет,0,УЗ-4,.pdf
ПДнDataset/share/Прочее/ОС 04.03.01 ХИМИЯ.pdf,Нет,0,УЗ-4,.pdf
ПДнDataset/share/Прочее/19n.pdf,BIRTHDAY,4,УЗ-4,.pdf
ПДнDataset/share/Прочее/rasp_dop_mag.pdf,BIRTHDAY,73,УЗ-4,.pdf
ПДнDataset/share/Прочее/5.9.6_en.pdf,Нет,0,УЗ-4,.pdf
ПДнDataset/share/Прочее/P406.pdf,Нет,0,УЗ-4,.pdf
ПДнDataset/share/Прочее/ОС_09.03.03 sig.pdf,Нет,0,УЗ-4,.pdf
ПДнDataset/share/Прочее/incidents.schema.json,Нет,0,УЗ-4,.json
ПДнDataset/share/Прочее/contests.pdf,Нет,0,УЗ-4,.pdf
ПДнDataset/share/Прочее/5.3.2.pdf,Нет,0,УЗ-4,.pdf
ПДнDataset/share/Прочее/EBBondarevskaia_conference-info.rtf,EMAIL,1,УЗ-4,.rtf
ПДнDataset/share/Прочее/Perevod_kolledzh_15.06.16.pdf,Нет,0,УЗ-4,.pdf
ПДнDataset/share/Прочее/web_razr.pdf,Нет,0,УЗ-4,.pdf
ПДнDataset/share/Прочее/П-200_ 20_02_2019_0.pdf,Нет,0,УЗ-4,.pdf
ПДнDataset/share/Прочее/44.04.01_nast.pdf,Нет,0,УЗ-4,.pdf
ПДнDataset/share/Прочее/Свидетельство 44.03.02.pdf,Нет,0,УЗ-4,.pdf
ПДнDataset/share/Прочее/polozhenieMM.pdf,Нет,0,УЗ-4,.pdf
ПДнDataset/share/Прочее/030303_B_3_31082020.pdf,Нет,0,УЗ-4,.pdf
ПДнDataset/share/Прочее/П-607_18_04_2019.pdf,Нет,0,УЗ-4,.pdf
ПДнDataset/share/Прочее/pol_afkis.pdf,Нет,0,УЗ-4,.pdf
ПДнDataset/share/Прочее/П245-ОД Регламент проведения выборов заведующего кафедрой.pdf,EMAIL,2,УЗ-4,.pdf
ПДнDataset/share/Прочее/pol_hightech.pdf,Нет,0,УЗ-4,.pdf
ПДнDataset/share/Прочее/2025-_.pdf,PHONE,2,УЗ-4,.pdf
ПДнDataset/share/Прочее/ОС_01.03.01.pdf,Нет,0,УЗ-4,.pdf
ПДнDataset/share/Прочее/Politika_privatnosti_UB.pdf,EMAIL,3,УЗ-4,.pdf
ПДнDataset/share/Прочее/12.04.01_t.pdf,Нет,0,УЗ-4,.pdf
ПДнDataset/share/Прочее/HS09_03.tif,Нет,0,УЗ-4,.tif
ПДнDataset/share/Прочее/pedagogika.pdf,BIRTHDAY,1,УЗ-4,.pdf
ПДнDataset/share/Прочее/g_p9-od.pdf,Нет,0,УЗ-4,.pdf
ПДнDataset/share/Прочее/%D0%9F%D1%83%D0%B1%D0%BB%D0%B8%D1%87%D0%BD%D1%8B%D0%B9_%D0%BE%D1%82%D1%87%D1%91%D1%82_%D0%A2%D0%9A_%D0%AE%D0%A4%D0%A3_2024.pdf,BIRTHDAY,8,УЗ-4,.pdf
ПДнDataset/share/Прочее/gender_equality_plan.pdf,BIRTHDAY,4,УЗ-4,.pdf
ПДнDataset/share/Прочее/коммерческое%20предложение.pdf,Нет,0,УЗ-4,.pdf
ПДнDataset/share/Прочее/protokol_19.pdf,Нет,0,УЗ-4,.pdf
ПДнDataset/share/Прочее/%D0%9F187-%D0%9E%D0%94%2010.05.03.pdf,Нет,0,УЗ-4,.pdf
ПДнDataset/share/Прочее/russ_lit.pdf,Нет,0,УЗ-4,.pdf
ПДнDataset/share/Прочее/P562_14.04.20.pdf,Нет,0,УЗ-4,.pdf
ПДнDataset/share/Прочее/protokol_25.pdf,"PHONE, EMAIL",2,УЗ-4,.pdf
ПДнDataset/share/Прочее/P383-OD_NIIRTPU.pdf,Нет,0,УЗ-4,.pdf
ПДнDataset/share/Прочее/06.04.02.pdf,Нет,0,УЗ-4,.pdf
ПДнDataset/share/Прочее/%D0%9F168-%D0%9E%D0%94%2037.05.01.pdf,Нет,0,УЗ-4,.pdf
ПДнDataset/share/Прочее/Course%20syllabus%20Sociology%20of%20the%20Internet.pdf,EMAIL,1,УЗ-4,.pdf
ПДнDataset/share/Прочее/P201-OD.pdf,BIRTHDAY,14,УЗ-4,.pdf
ПДнDataset/share/Прочее/ris_zhiv.pdf,Нет,0,УЗ-4,.pdf
ПДнDataset/share/Прочее/Svidetelstvo_2018.pdf,Нет,0,УЗ-4,.pdf
ПДнDataset/share/Прочее/KGU_conf-info.pdf,EMAIL,1,УЗ-4,.pdf
ПДнDataset/share/Прочее/spd.docx,Нет,0,УЗ-4,.docx
"ПДнDataset/share/Прочее/Соглашение о сотрудничестве и взаимодействии,.pdf",Нет,0,УЗ-4,.pdf
ПДнDataset/share/Прочее/pfhd_2025_02.pdf,"PASSPORT, PHONE, BIRTHDAY",4,УЗ-3,.pdf
ПДнDataset/share/Прочее/Prikaz-1725.pdf,EMAIL,1,УЗ-4,.pdf
ПДнDataset/share/Прочее/2n8uitfe0x.pdf,Нет,0,УЗ-4,.pdf
ПДнDataset/share/Прочее/Prikaz 601.pdf,BIRTHDAY,70,УЗ-4,.pdf
ПДнDataset/share/Прочее/П937 ВО для иностранных граждан.pdf,Нет,0,УЗ-4,.pdf
ПДнDataset/share/Прочее/5.9.9.pdf,Нет,0,УЗ-4,.pdf
ПДнDataset/share/Прочее/CA01_01.tif,Нет,0,УЗ-4,.tif
ПДнDataset/share/Прочее/MBA_brochure_2025.pdf,EMAIL,1,УЗ-4,.pdf
ПДнDataset/share/Прочее/45.03.01_Филология_П41-ОД.pdf,Нет,0,УЗ-4,.pdf
ПДнDataset/share/Прочее/090404_M_3_1102017.pdf,Нет,0,УЗ-4,.pdf
ПДнDataset/share/Прочее/2.2.8.pdf,Нет,0,УЗ-4,.pdf
ПДнDataset/share/Прочее/SELF_PORTRAIT_english_2025_ONLINE%20%281%29.pdf,"BIRTHDAY, EMAIL",6,УЗ-4,.pdf
ПДнDataset/share/Прочее/44_04_02_obr_sred.pdf,Нет,0,УЗ-4,.pdf
ПДнDataset/share/Прочее/ist_isk.pdf,Нет,0,УЗ-4,.pdf
ПДнDataset/share/Прочее/Свидетельство ПОА 11.04.01.pdf,Нет,0,УЗ-4,.pdf
ПДнDataset/share/Прочее/CartaCercetatoruluiCodul-de-Conduita.pdf,BIRTHDAY,2,УЗ-4,.pdf
ПДнDataset/share/Прочее/obsh_ino.pdf,Нет,0,УЗ-4,.pdf
ПДнDataset/share/Прочее/P982.pdf,Нет,0,УЗ-4,.pdf
ПДнDataset/share/Прочее/П264-ОД_01.11.2024.pdf,BIRTHDAY,2,УЗ-4,.pdf
ПДнDataset/share/Прочее/ist.pdf,Нет,0,УЗ-4,.pdf
ПДнDataset/share/Прочее/120404_M_3_11102017.pdf,Нет,0,УЗ-4,.pdf
ПДнDataset/share/Прочее/050304_B_3_31082020.pdf,Нет,0,УЗ-4,.pdf
ПДнDataset/share/Прочее/patent-2415158.pdf,Нет,0,УЗ-4,.pdf
ПДнDataset/share/Прочее/ОС_07.03.04.pdf,Нет,0,УЗ-4,.pdf
ПДнDataset/share/Прочее/Prikaz-1928.pdf,EMAIL,1,УЗ-4,.pdf
ПДнDataset/share/Прочее/perezachet.docx,Нет,0,УЗ-4,.docx
ПДнDataset/share/Прочее/Course%20syllabus%20ADVANCED%20PROBLEMS%20OF%20MATHEMATICAL%20PHYSICS.pdf,EMAIL,1,УЗ-4,.pdf
ПДнDataset/share/Прочее/elibrary_26561301_36954629.pdf,EMAIL,1,УЗ-4,.pdf
ПДнDataset/share/Прочее/dog_pril19.pdf,Нет,0,УЗ-4,.pdf
ПДнDataset/share/Прочее/pr-321.pdf,Нет,0,УЗ-4,.pdf
ПДнDataset/share/Прочее/TA12_01.tif,Нет,0,УЗ-4,.tif
ПДнDataset/share/Прочее/gl_V_exam_P120-OD_reglament_PK.pdf,BIRTHDAY,1,УЗ-4,.pdf
ПДнDataset/share/Прочее/Fee payable order ACY 2024-25 (1).pdf,Нет,0,УЗ-4,.pdf
ПДнDataset/share/Прочее/zayv_shablon.docx,Нет,0,УЗ-4,.docx
ПДнDataset/share/Прочее/ОС_01.03.03.pdf,Нет,0,УЗ-4,.pdf
ПДнDataset/share/Прочее/ВыпискаТемы-ВКР-ИНоЗ_2025-выпуска.pdf,Нет,0,УЗ-4,.pdf
ПДнDataset/share/Прочее/fin_teh.pdf,Нет,0,УЗ-4,.pdf
ПДнDataset/share/Прочее/%D0%A0%D0%90%D0%A1%D0%9F1429-%D1%80%20%D0%BC%D0%B5%D1%80%D0%BE%D0%BF%D1%80%D0%B8%D1%8F%D1%82%D0%B8%D1%8F%20%D0%A6%D0%B5%D0%BD%D1%82%D1%80%D0%B0%20%D0%BA%D0%BE%D0%BC%D0%BF%D0%B5%D1%82%D0%B5%D0%BD%D1%86%D0%B8%D0%B9.pdf,BIRTHDAY,9,УЗ-4,.pdf
ПДнDataset/share/Прочее/P438.pdf,Нет,0,УЗ-4,.pdf
ПДнDataset/share/Прочее/П-323_15_03_2019.pdf,Нет,0,УЗ-4,.pdf
ПДнDataset/share/Прочее/12.04.00.pdf,Нет,0,УЗ-4,.pdf
ПДнDataset/share/Прочее/Свидетельство 47.04.01.pdf,Нет,0,УЗ-4,.pdf
ПДнDataset/share/Прочее/Pravila_priema_2025_na_sait.pdf,BIRTHDAY,2,УЗ-4,.pdf
ПДнDataset/share/Прочее/1.3.pdf,Нет,0,УЗ-4,.pdf
ПДнDataset/share/Прочее/44.04.02.pdf,Нет,0,УЗ-4,.pdf
ПДнDataset/share/Прочее/prikaz-2428.pdf,EMAIL,1,УЗ-4,.pdf
ПДнDataset/share/Прочее/%D0%A0%D0%90%D0%A1_715-%D1%80%20HR.pdf,Нет,0,УЗ-4,.pdf
ПДнDataset/share/Прочее/russ_slov.pdf,Нет,0,УЗ-4,.pdf
ПДнDataset/share/Прочее/P148.pdf,BIRTHDAY,9,УЗ-4,.pdf
ПДнDataset/share/Прочее/Prikaz-1846_Application2-Act.rtf,EMAIL,1,УЗ-4,.rtf
ПДнDataset/share/Прочее/П1374 07.03.03 Дизайн архитектурной среды.pdf,Нет,0,УЗ-4,.pdf
ПДнDataset/share/Прочее/4.3.5.pdf,Нет,0,УЗ-4,.pdf
ПДнDataset/share/Прочее/P1569.pdf,Нет,0,УЗ-4,.pdf
ПДнDataset/share/Прочее/03916-Acta-de-presentacion-apertura-fallo-venta-de-muebles.pdf,Нет,0,УЗ-4,.pdf
ПДнDataset/share/Прочее/izveshenie_013.pdf,Нет,0,УЗ-4,.pdf
ПДнDataset/share/Прочее/DSUFeedbackAnalysisReport.pdf,Нет,0,УЗ-4,.pdf
ПДнDataset/share/Прочее/%D0%9F178-%D0%9E%D0%94%2044.03.02.pdf,Нет,0,УЗ-4,.pdf
ПДнDataset/share/Прочее/Prikaz_П555.pdf,Нет,0,УЗ-4,.pdf
ПДнDataset/share/Прочее/Изменения Устав 9 октября 2019.pdf,Нет,0,УЗ-4,.pdf
ПДнDataset/share/Прочее/politika-cookies.pdf,Нет,0,УЗ-4,.pdf
ПДнDataset/share/Прочее/Orbit.pdf,Нет,0,УЗ-4,.pdf
ПДнDataset/share/Прочее/Prioritet_itogi.pdf,Нет,0,УЗ-4,.pdf
ПДнDataset/share/Прочее/П27-ОД_40.03.01 Юриспруденция.pdf,Нет,0,УЗ-4,.pdf
ПДнDataset/share/Прочее/ConfPABCProgram_2023.pdf,Нет,0,УЗ-4,.pdf
ПДнDataset/share/Прочее/5.1.3.pdf,BIRTHDAY,1,УЗ-4,.pdf
ПДнDataset/share/Прочее/070302_B_3_03072017.pdf,Нет,0,УЗ-4,.pdf
ПДнDataset/share/Прочее/Prikaz-1928_Application1-Report_form.rtf,EMAIL,1,УЗ-4,.rtf
ПДнDataset/share/Прочее/%D0%9F112-%D0%9E%D0%94_%D0%9F%D1%80%D0%BE%D0%B3%D1%80%D0%B0%D0%BC%D0%BC%D0%B0%20%D0%B2%D0%BE%D1%81%D0%BF%D0%B8%D1%82%D0%B0%D0%BD%D0%B8%D1%8F.pdf,BIRTHDAY,14,УЗ-4,.pdf
ПДнDataset/share/Прочее/1_2_1_Mathematical_and_natural_science_foundations_of_artificial.pdf,Нет,0,УЗ-4,.pdf
ПДнDataset/share/Прочее/44.04.03.pdf,Нет,0,УЗ-4,.pdf
ПДнDataset/share/Прочее/15.03.06_Мехатроника и робототехника_П210-ОД_ПИШ.pdf,Нет,0,УЗ-4,.pdf
ПДнDataset/share/Прочее/%D0%9F182-%D0%9E%D0%94%2044.04.02.pdf,Нет,0,УЗ-4,.pdf
ПДнDataset/share/Прочее/Pril_5.pdf,Нет,0,УЗ-4,.pdf
ПДнDataset/share/Прочее/Planes2015_rus.pdf,Нет,0,УЗ-4,.pdf
ПДнDataset/share/Прочее/doc05362520220404131040 (2).pdf,Нет,0,УЗ-4,.pdf
ПДнDataset/share/Прочее/Sootv_asp_2025.pdf,BIRTHDAY,1,УЗ-4,.pdf
ПДнDataset/share/Прочее/social2023.pdf,BIRTHDAY,2,УЗ-4,.pdf
ПДнDataset/share/Прочее/CT_RB_2025.pdf,Нет,0,УЗ-4,.pdf
ПДнDataset/share/Прочее/%D0%98%D0%B7%D0%BC%D0%B5%D0%BD%D0%B5%D0%BD%D0%B8%D1%8F%20%D0%B2%20%D0%A3%D1%81%D1%82%D0%B0%D0%B2%20%D0%BE%D1%82%2028%20%D0%BC%D0%B0%D1%80%D1%82%D0%B0%202022.pdf,Нет,0,УЗ-4,.pdf
ПДнDataset/share/Прочее/vi_asp.docx,Нет,0,УЗ-4,.docx
ПДнDataset/share/Прочее/3_Fundamentals_of_navigation_and_communication_control_systems.pdf,EMAIL,1,УЗ-4,.pdf
ПДнDataset/share/Прочее/FZ 44.pdf,Нет,0,УЗ-4,.pdf
ПДнDataset/share/Прочее/5.3.1.pdf,Нет,0,УЗ-4,.pdf
ПДнDataset/share/Прочее/П1042 о стоимости для граждан РФ.pdf,Нет,0,УЗ-4,.pdf
ПДнDataset/share/Прочее/arh_komp.pdf,Нет,0,УЗ-4,.pdf
ПДнDataset/share/Прочее/p37-od2015.pdf,Нет,0,УЗ-4,.pdf
ПДнDataset/share/Прочее/Свидетельство 44.03.01.pdf,Нет,0,УЗ-4,.pdf
ПДнDataset/share/Прочее/Azov_conf-application.rtf,EMAIL,1,УЗ-4,.rtf
ПДнDataset/share/Прочее/%D0%A0613%20%D0%BF%D0%B0%D1%81%D0%BF%D0%BE%D1%80%D1%82%D0%B0%20%D0%BA%D0%BE%D0%BC%D0%BF%D0%B5%D1%82%D0%B5%D0%BD%D1%86%D0%B8%D0%B9.pdf,Нет,0,УЗ-4,.pdf
ПДнDataset/share/Прочее/isk_int.pdf,BIRTHDAY,3,УЗ-4,.pdf
ПДнDataset/share/Прочее/ОС_01.03.02.pdf,Нет,0,УЗ-4,.pdf
ПДнDataset/share/Прочее/Bid-contents_Magistracy.pdf,EMAIL,1,УЗ-4,.pdf
ПДнDataset/share/Прочее/ar_1.pdf,"PHONE, BIRTHDAY, EMAIL",9,УЗ-4,.pdf
ПДнDataset/share/Прочее/Azov_conf-example.rtf,EMAIL,1,УЗ-4,.rtf
ПДнDataset/share/Прочее/П13-ОД о внесении изменений в 27.03.03 и 09.03.02.pdf,Нет,0,УЗ-4,.pdf
ПДнDataset/share/Прочее/p805_2021.pdf,BIRTHDAY,4,УЗ-4,.pdf
ПДнDataset/share/Прочее/CommissionReviewProtocol.pdf,EMAIL,1,УЗ-4,.pdf
ПДнDataset/share/Прочее/sved_o_d_r_2017.xls,Нет,0,УЗ-4,.xls
ПДнDataset/share/Прочее/%D0%A0%D0%90%D0%A1_153-%D0%A0.pdf,Нет,0,УЗ-4,.pdf
ПДнDataset/share/Прочее/rasp1426-p_20140814.pdf,BIRTHDAY,1,УЗ-4,.pdf
ПДнDataset/share/Прочее/p1326_10.06.2024.pdf,Нет,0,УЗ-4,.pdf
ПДнDataset/share/Прочее/obedin%20ped.pdf,Нет,0,УЗ-4,.pdf
ПДнDataset/share/Прочее/Course%20syllabus%20sample%20(International%20standards%20for%20legal%20-%20%D0%90%D1%80%D0%B7%D1%83%D0%BC%D0%B0%D0%BD%D1%8F%D0%BD).pdf,EMAIL,1,УЗ-4,.pdf
ПДнDataset/share/Прочее/П60-ОД_дополнение в ОС_compressed.pdf,Нет,0,УЗ-4,.pdf
ПДнDataset/share/Прочее/060401_M_3_31082020.pdf,Нет,0,УЗ-4,.pdf
ПДнDataset/share/Прочее/П727 Стоимость обучения в колледже СПО 2.pdf,Нет,0,УЗ-4,.pdf
ПДнDataset/share/Прочее/2.4_reg_comisia_etica_r2.pdf,"BIRTHDAY, EMAIL",3,УЗ-4,.pdf
ПДнDataset/share/Прочее/Rasporiagenie-72-p.pdf,EMAIL,1,УЗ-4,.pdf
ПДнDataset/share/Прочее/inostr_ino.pdf,Нет,0,УЗ-4,.pdf
ПДнDataset/share/Прочее/psih_obr.pdf,Нет,0,УЗ-4,.pdf
ПДнDataset/share/Прочее/06.04.01.pdf,Нет,0,УЗ-4,.pdf
ПДнDataset/share/Прочее/44.04.01_ph_obr.pdf,Нет,0,УЗ-4,.pdf
ПДнDataset/share/Прочее/13.04.02_Электроэнергетика и электротехника_П210-ОД_ПИШ.pdf,Нет,0,УЗ-4,.pdf
ПДнDataset/share/Прочее/38.04.04.pdf,Нет,0,УЗ-4,.pdf
ПДнDataset/share/Прочее/%D0%9F%D1%80%D0%B8%D0%BA%D0%B0%D0%B7%20%D0%BE%D0%B1%20%D1%83%D1%82%D0%B2%D0%B5%D1%80%D0%B6%D0%B4%D0%B5%D0%BD%D0%B8%D0%B8%20%D0%BD%D0%BE%D0%BC%D0%B5%D0%BD%D0%BA%D0%BB%D0%B0%D1%82%D1%83%D1%80%D1%8B.pdf,Нет,0,УЗ-4,.pdf
ПДнDataset/share/Прочее/П278-ОД_01.11.2024.pdf,Нет,0,УЗ-4,.pdf
ПДнDataset/share/Прочее/pfhd_2025_01.pdf,"PASSPORT, PHONE, BIRTHDAY",4,УЗ-3,.pdf
ПДнDataset/share/Прочее/JPG_v_PDF.pdf,BIRTHDAY,9,УЗ-4,.pdf
ПДнDataset/share/Прочее/google_privacy_policy_en_eu.pdf,Нет,0,УЗ-4,.pdf
ПДнDataset/share/Прочее/Modern Microscopy.pdf,"BIRTHDAY, EMAIL",3,УЗ-4,.pdf
ПДнDataset/share/Прочее/2015p.pdf,Нет,0,УЗ-4,.pdf
ПДнDataset/share/Прочее/KA10_04.tif,Нет,0,УЗ-4,.tif
ПДнDataset/share/Прочее/P67_24.03.2023.pdf,BIRTHDAY,2,УЗ-4,.pdf
ПДнDataset/share/Прочее/01.04.02.pdf,Нет,0,УЗ-4,.pdf
ПДнDataset/share/Прочее/%D0%A0953.pdf,Нет,0,УЗ-4,.pdf
ПДнDataset/share/Прочее/spec_ped.pdf,Нет,0,УЗ-4,.pdf
ПДнDataset/share/Прочее/МН-3_6629 Для сайта.pdf,Нет,0,УЗ-4,.pdf
ПДнDataset/share/Прочее/wpm5skhpgcr5ncwf6dwz92dutt9ucc13.pdf,Нет,0,УЗ-4,.pdf
ПДнDataset/share/Прочее/040302_B_3_08082017.pdf,Нет,0,УЗ-4,.pdf
ПДнDataset/share/Прочее/%D0%A0%D0%90%D0%A1%D0%9F211-%D1%80%20%20%D0%B0%D0%BA%D1%82%D1%83%D0%B0%D0%BB%D0%B8%D0%B7%D0%B0%D1%86%D0%B8%D1%8F%20%20%D0%B4%D0%BE%D0%B3%D0%BE%D0%B2%D0%BE%D1%80%D0%BE%D0%B2_0.pdf,EMAIL,2,УЗ-4,.pdf
ПДнDataset/share/Прочее/03863-primera-y-unica-acta-de-aclaracion-de-dudas-de-venta-de-bienes-2025.pdf,Нет,0,УЗ-4,.pdf
ПДнDataset/share/Прочее/2.2.13.pdf,Нет,0,УЗ-4,.pdf
ПДнDataset/share/Прочее/prikaz320.pdf,Нет,0,УЗ-4,.pdf
ПДнDataset/share/Прочее/sved_o_d_u_2015.xls,Нет,0,УЗ-4,.xls
ПДнDataset/share/Прочее/Анкета.docx,Нет,0,УЗ-4,.docx
ПДнDataset/share/Прочее/09.04.03 Прикладная информатика.pdf,Нет,0,УЗ-4,.pdf
ПДнDataset/share/Прочее/Competitive_selection_2016-Regulation.pdf,EMAIL,1,УЗ-4,.pdf
ПДнDataset/share/Прочее/Pravila_priema_2025_v_SGUGiT_Bakalavriat_Specialitet.pdf,BIRTHDAY,14,УЗ-4,.pdf
ПДнDataset/share/Прочее/П216-ОД 54.05.01.pdf,Нет,0,УЗ-4,.pdf
ПДнDataset/share/Прочее/AICTE_2025.pdf,PASSPORT,7,УЗ-3,.pdf
ПДнDataset/share/Прочее/010301_B_3_16022018.pdf,Нет,0,УЗ-4,.pdf
ПДнDataset/share/Прочее/statement-working-conditions.pdf,Нет,0,УЗ-4,.pdf
ПДнDataset/share/Прочее/Свидетельство ПОА 37.04.02.pdf,Нет,0,УЗ-4,.pdf
ПДнDataset/share/Прочее/060302_B_3_23082020.pdf,Нет,0,УЗ-4,.pdf
ПДнDataset/share/Прочее/sogl.docx,Нет,0,УЗ-4,.docx
ПДнDataset/share/Прочее/П225-ОД 09.03.01.pdf,Нет,0,УЗ-4,.pdf
ПДнDataset/share/Прочее/11_03_03.pdf,Нет,0,УЗ-4,.pdf
ПДнDataset/share/Прочее/P280_01.11.2024.pdf,BIRTHDAY,2,УЗ-4,.pdf
ПДнDataset/share/Прочее/Barrier_Free_Env.pdf,Нет,0,УЗ-4,.pdf
ПДнDataset/share/Прочее/2633b07b34442b5df2b84aa2226dd0e9.pdf,Нет,0,УЗ-4,.pdf
ПДнDataset/share/Прочее/geo_ino.pdf,Нет,0,УЗ-4,.pdf
ПДнDataset/share/Прочее/cher.pdf,Нет,0,УЗ-4,.pdf
ПДнDataset/share/Прочее/pr.doc,Нет,0,УЗ-4,.doc
ПДнDataset/share/Прочее/5.2.6.pdf,BIRTHDAY,2,УЗ-4,.pdf
ПДнDataset/share/Прочее/prikaz_34n_ot_29.08.2018.pdf,Нет,0,УЗ-4,.pdf
ПДнDataset/share/Прочее/15.04.06_ Мехатроника и робототехника_П210-ОД_ПИШ.pdf,Нет,0,УЗ-4,.pdf
ПДнDataset/share/Прочее/20240411_171510.pdf,Нет,0,УЗ-4,.pdf
ПДнDataset/share/Прочее/BBA_Brochure_2025.pdf,EMAIL,1,УЗ-4,.pdf
ПДнDataset/share/Прочее/web_pril.pdf,Нет,0,УЗ-4,.pdf
ПДнDataset/share/Прочее/fb66cb01477a968bfe786611fb0eea9b.pdf,Нет,0,УЗ-4,.pdf
ПДнDataset/share/Прочее/Свидетельство 43.03.02.pdf,Нет,0,УЗ-4,.pdf
ПДнDataset/share/Прочее/П167-ОД_10.04.2025.pdf,Нет,0,УЗ-4,.pdf
ПДнDataset/share/Прочее/110502_C_3_09032018.pdf,Нет,0,УЗ-4,.pdf
ПДнDataset/share/Прочее/П441-ОД_17.10.2016.pdf,Нет,0,УЗ-4,.pdf
ПДнDataset/share/Прочее/16122024_DSU_Pulse.pdf,Нет,0,УЗ-4,.pdf
ПДнDataset/share/Прочее/45.03.02_Лингвистика_П40-ОД.pdf,Нет,0,УЗ-4,.pdf
ПДнDataset/share/Прочее/050406_M_3_22082020.pdf,Нет,0,УЗ-4,.pdf
ПДнDataset/share/Прочее/Rasporiagenie-1129-p_Application-sample.rtf,EMAIL,1,УЗ-4,.rtf
ПДнDataset/share/Прочее/ОС_06.03.01.pdf,Нет,0,УЗ-4,.pdf
ПДнDataset/share/Прочее/2018_06_proto_rating.pdf,BIRTHDAY,9,УЗ-4,.pdf
ПДнDataset/share/Прочее/%D0%B7%D0%B0%D1%8F%D0%B2%D0%BB%D0%B5%D0%BD%D0%B8%D0%B5%20%D0%BD%D0%B0%20%D1%83%D1%87%D0%B0%D1%81%D1%82%D0%B8%D0%B5%20%D0%B2%20%D0%BF%D1%80%D0%BE%D0%B3%D1%80%D0%B0%D0%BC%D0%BC%D0%B5%20%D0%BE%D0%B1%D0%BC%D0%B5%D0%BD%D0%B0.docx,Нет,0,УЗ-4,.docx
ПДнDataset/share/Прочее/РАС557-Р.pdf,Нет,0,УЗ-4,.pdf
ПДнDataset/share/Прочее/Svidetelstvo_2018_pril1.pdf,Нет,0,УЗ-4,.pdf
ПДнDataset/share/Прочее/Ukaz Prezidenta 364_15.06.15.rtf,Нет,0,УЗ-4,.rtf
ПДнDataset/share/Прочее/%D0%A0%D0%9F%D0%94%20%D0%B8%20%D0%9A%D0%9F%2015.02.10%20(2).pdf,BIRTHDAY,26,УЗ-4,.pdf
ПДнDataset/share/Прочее/Der.pdf,Нет,0,УЗ-4,.pdf
ПДнDataset/share/Прочее/Свидетельство 39.03.02.pdf,Нет,0,УЗ-4,.pdf
ПДнDataset/share/Прочее/5.6.2.pdf,Нет,0,УЗ-4,.pdf
ПДнDataset/share/Прочее/p590-od2014.pdf,Нет,0,УЗ-4,.pdf
ПДнDataset/share/Прочее/KD_013.pdf,BIRTHDAY,2,УЗ-4,.pdf
ПДнDataset/share/Прочее/5.6.3.pdf,Нет,0,УЗ-4,.pdf
ПДнDataset/share/Прочее/Congreso_Anexos_rus_2025.docx,Нет,0,УЗ-4,.docx
ПДнDataset/share/Прочее/100_asp.docx,Нет,0,УЗ-4,.docx
ПДнDataset/share/Прочее/П1888-2.pdf,BIRTHDAY,2,УЗ-4,.pdf
ПДнDataset/share/Прочее/Economics%20of%20Sports.pdf,Нет,0,УЗ-4,.pdf
ПДнDataset/share/Прочее/Course%20syllabus%20sample_Territory%20branding.pdf,EMAIL,1,УЗ-4,.pdf
ПДнDataset/share/Прочее/himiya.pdf,Нет,0,УЗ-4,.pdf
ПДнDataset/share/Прочее/П63-ОД.pdf,Нет,0,УЗ-4,.pdf
ПДнDataset/share/Прочее/privacy_en.pdf,Нет,0,УЗ-4,.pdf
ПДнDataset/share/Прочее/tehn_int_d.pdf,Нет,0,УЗ-4,.pdf
ПДнDataset/share/Прочее/Nanoscale_Structure_of_Materials.pdf,Нет,0,УЗ-4,.pdf
ПДнDataset/share/Прочее/Sports_Facilities.pdf,Нет,0,УЗ-4,.pdf
ПДнDataset/share/Прочее/44.04.01_ist.pdf,BIRTHDAY,2,УЗ-4,.pdf
ПДнDataset/share/Прочее/osn_soc_rab.pdf,Нет,0,УЗ-4,.pdf
ПДнDataset/share/Прочее/competitions_list-2018_15.10-info.pdf,EMAIL,1,УЗ-4,.pdf
ПДнDataset/share/Прочее/5-2-progDN.doc,Нет,0,УЗ-4,.doc
ПДнDataset/share/Прочее/39.04.01.pdf,Нет,0,УЗ-4,.pdf
ПДнDataset/share/Прочее/Planes2015_anodual_rus.pdf,Нет,0,УЗ-4,.pdf
ПДнDataset/share/Прочее/bez_vi_bak.docx,Нет,0,УЗ-4,.docx
ПДнDataset/share/Прочее/RFFI_Director-letter.pdf,EMAIL,1,УЗ-4,.pdf
ПДнDataset/share/Прочее/8. Индексация Расп РФ.pdf,Нет,0,УЗ-4,.pdf
ПДнDataset/share/Прочее/П213-ОД 44.03.01.pdf,Нет,0,УЗ-4,.pdf
ПДнDataset/share/Прочее/upr_proc.pdf,Нет,0,УЗ-4,.pdf
ПДнDataset/share/Прочее/%D0%A2%D0%B5%D1%85%D0%BD%D0%BE%D1%81%D1%84%D0%B5%D1%80%D0%BD%D0%B0%D1%8F-%D0%B1%D0%B5%D0%B7%D0%BE%D0%BF%D0%B0%D1%81%D0%BD%D0%BE%D1%81%D1%82%D1%8C.pdf,BIRTHDAY,1,УЗ-4,.pdf
ПДнDataset/share/Прочее/П83-ОД_28.04.2020.pdf,Нет,0,УЗ-4,.pdf
ПДнDataset/share/Прочее/E_brochure_08022024.pdf,PASSPORT,1,УЗ-3,.pdf
ПДнDataset/share/Прочее/P17-OD_19.01.2015.pdf,Нет,0,УЗ-4,.pdf
ПДнDataset/share/Прочее/61b9f79201508466062515.pdf,Нет,0,УЗ-4,.pdf
ПДнDataset/share/Прочее/Language_Teaching_in_the_Modern_Digital_Era.pdf,Нет,0,УЗ-4,.pdf
ПДнDataset/share/Прочее/The_SRC.pdf,EMAIL,1,УЗ-4,.pdf
ПДнDataset/share/Прочее/Protokol_6_06.09.2023.pdf,"PHONE, EMAIL",4,УЗ-4,.pdf
ПДнDataset/share/Прочее/UGC_2f.pdf,Нет,0,УЗ-4,.pdf
ПДнDataset/share/Прочее/FZ 273 ob obrazovanii-rf.doc,Нет,0,УЗ-4,.doc
ПДнDataset/share/Прочее/Prikaz_П1203.pdf,Нет,0,УЗ-4,.pdf
ПДнDataset/share/Прочее/kol_vo_m_ino_dop.pdf,Нет,0,УЗ-4,.pdf
ПДнDataset/share/Прочее/d1e7a0684a9e51c599fb223264e96189.pdf,"BIRTHDAY, EMAIL",3,УЗ-4,.pdf
ПДнDataset/share/Прочее/П109-ОД_03.06.2021.pdf,Нет,0,УЗ-4,.pdf
ПДнDataset/share/Прочее/2.2.12.pdf,Нет,0,УЗ-4,.pdf
ПДнDataset/share/Прочее/148a20df-e83f-463f-b4bc-77423b297f12-%D0%9F%D1%80%D0%BE%D0%B3%D1%80%D0%B0%D0%BC%D0%BC%D0%B0.pdf,Нет,0,УЗ-4,.pdf
ПДнDataset/share/Прочее/П6461.pdf,Нет,0,УЗ-4,.pdf
ПДнDataset/share/Прочее/r604_11.06.2024.pdf,Нет,0,УЗ-4,.pdf
ПДнDataset/share/Прочее/П1130 СПО иностранные граждане.pdf,Нет,0,УЗ-4,.pdf
ПДнDataset/share/Прочее/P431_13.03.2024.pdf,Нет,0,УЗ-4,.pdf
ПДнDataset/share/Прочее/cookie_en.pdf,Нет,0,УЗ-4,.pdf
ПДнDataset/share/Прочее/%D0%9F1923.pdf,Нет,0,УЗ-4,.pdf
ПДнDataset/share/Прочее/24n.pdf,BIRTHDAY,18,УЗ-4,.pdf
ПДнDataset/share/Прочее/090304_B_3_17102017.pdf,Нет,0,УЗ-4,.pdf
ПДнDataset/share/Прочее/%D0%9E%D0%B1%D1%8A%D0%B5%D0%BA%D1%82%D1%8B_%D0%B2%D0%BE%D1%81%D0%BF%D0%B8%D1%82%D0%B0%D0%BD%D0%B8%D1%8F.pdf,Нет,0,УЗ-4,.pdf
ПДнDataset/share/Прочее/11.03.01_Радиотехника_П210-ОД_ПИШ.pdf,Нет,0,УЗ-4,.pdf
ПДнDataset/share/Прочее/Aula_Hispanica_plano_rus_2014-2015.pdf,Нет,0,УЗ-4,.pdf
ПДнDataset/share/Прочее/Pravila_priema_bac_spec_2025.pdf,BIRTHDAY,9,УЗ-4,.pdf
ПДнDataset/share/Прочее/teor_gos.pdf,Нет,0,УЗ-4,.pdf
ПДнDataset/share/Прочее/Pr407_11.03.2024.pdf,Нет,0,УЗ-4,.pdf
ПДнDataset/share/Прочее/matematika.pdf,Нет,0,УЗ-4,.pdf
ПДнDataset/share/Прочее/SPO.docx,Нет,0,УЗ-4,.docx
ПДнDataset/share/Прочее/MAG.docx,Нет,0,УЗ-4,.docx
ПДнDataset/share/Прочее/KA38_06.tif,Нет,0,УЗ-4,.tif
ПДнDataset/share/Прочее/JMS_OTHA_Call_for_papers.pdf,Нет,0,УЗ-4,.pdf
ПДнDataset/share/Прочее/Vtoroe_informatcionnoe_pis`mo_Kongress_2025.pdf,"PHONE, EMAIL",3,УЗ-4,.pdf
ПДнDataset/share/Прочее/142_152_Gorgorova.pdf,"BIRTHDAY, EMAIL",11,УЗ-4,.pdf
ПДнDataset/share/Прочее/sogl_sv.pdf,Нет,0,УЗ-4,.pdf
ПДнDataset/share/Прочее/STATUTES_02112020.pdf,Нет,0,УЗ-4,.pdf
ПДнDataset/share/Прочее/9. Индексация Расп Ин.pdf,Нет,0,УЗ-4,.pdf
ПДнDataset/share/Прочее/ergo.pdf,Нет,0,УЗ-4,.pdf
ПДнDataset/share/Прочее/stranoved.pdf,Нет,0,УЗ-4,.pdf
ПДнDataset/share/Прочее/IVD_2__1_Gorgorova.pdf_0704d8bae0.pdf,BIRTHDAY,2,УЗ-4,.pdf
ПДнDataset/share/Прочее/Свидетельство ПОА 37.04.01.pdf,Нет,0,УЗ-4,.pdf
ПДнDataset/share/Прочее/5.2.5.pdf,BIRTHDAY,2,УЗ-4,.pdf
ПДнDataset/share/Прочее/mash_ob.pdf,BIRTHDAY,3,УЗ-4,.pdf
ПДнDataset/share/Прочее/P88-OD_INEP.pdf,Нет,0,УЗ-4,.pdf
ПДнDataset/share/Прочее/prikaz_13n_ot_26.07.2018.pdf,Нет,0,УЗ-4,.pdf
ПДнDataset/share/Прочее/p685-od-2014.pdf,Нет,0,УЗ-4,.pdf
ПДнDataset/share/Прочее/Wiley.docx,Нет,0,УЗ-4,.docx
ПДнDataset/share/Прочее/Регламент 10-ОД.pdf,BIRTHDAY,4,УЗ-4,.pdf
ПДнDataset/share/Прочее/20190415175116398.pdf,Нет,0,УЗ-4,.pdf
ПДнDataset/share/Прочее/П227-ОД 09.04.03.pdf,Нет,0,УЗ-4,.pdf
ПДнDataset/share/Прочее/Свидетельство 43.03.01.pdf,Нет,0,УЗ-4,.pdf
ПДнDataset/share/Прочее/progr_ee_2025.pdf,Нет,0,УЗ-4,.pdf
ПДнDataset/share/Прочее/c50dea3311d9c12cf6e941d47f574300.pdf,Нет,0,УЗ-4,.pdf
ПДнDataset/share/Прочее/rules_01_2025.pdf,Нет,0,УЗ-4,.pdf
ПДнDataset/share/Прочее/Course%20Syllabus%20(Pedagogical%20Theory%20and%20Conceptions).pdf,EMAIL,1,УЗ-4,.pdf
ПДнDataset/share/Прочее/ОС_06.03.02.pdf,Нет,0,УЗ-4,.pdf
ПДнDataset/share/Прочее/Prikaz 339-OD 19.12.2017.pdf,Нет,0,УЗ-4,.pdf
ПДнDataset/share/Прочее/Sobre_nosotros_2025_compressed.pdf,Нет,0,УЗ-4,.pdf
ПДнDataset/share/Прочее/SFedU_.pdf,EMAIL,2,УЗ-4,.pdf
ПДнDataset/share/Прочее/Svidetelstvo_2018_pril2.pdf,Нет,0,УЗ-4,.pdf
ПДнDataset/share/Прочее/metod_prof.pdf,Нет,0,УЗ-4,.pdf
ПДнDataset/share/Прочее/EAU_activities_plan-2018.pdf,EMAIL,1,УЗ-4,.pdf
ПДнDataset/share/Прочее/N413_17_05_2012.rtf,BIRTHDAY,164,УЗ-4,.rtf
ПДнDataset/share/Прочее/25.05.2023_%D0%9F149-%D0%9E%D0%94%20%D0%9F%D0%BE%D0%BB%D0%BE%D0%B6%D0%B5%D0%BD%D0%B8%D0%B5%20%D0%BE%20%D0%A6%D0%B5%D0%BD%D1%82%D1%80%D0%B5.pdf,Нет,0,УЗ-4,.pdf
ПДнDataset/share/Прочее/Свидетельство 40.04.01_Уголовное право.pdf,Нет,0,УЗ-4,.pdf
ПДнDataset/share/Прочее/43.04.03.pdf,Нет,0,УЗ-4,.pdf
ПДнDataset/share/Прочее/Приказ от 01.04.2025 2471-ок.pdf,Нет,0,УЗ-4,.pdf
ПДнDataset/share/Прочее/Свидетельство 39.03.01.pdf,Нет,0,УЗ-4,.pdf
ПДнDataset/share/Прочее/img\pdf\research\List of Research Projects_Industry_01.04.2024.pdf,EMAIL,2,УЗ-4,.pdf
ПДнDataset/share/Прочее/5.6.1.pdf,Нет,0,УЗ-4,.pdf
ПДнDataset/share/Прочее/6%20%D1%88%D0%B0%D0%B3%D0%BE%D0%B2%20%D0%A0%D0%9E%D0%A1%D0%A1%D0%98%D0%AF.pdf.pdf,EMAIL,1,УЗ-4,.pdf
ПДнDataset/share/Прочее/45.04.01_International_Communication.pdf,Нет,0,УЗ-4,.pdf
ПДнDataset/share/Прочее/pr10_15092012.pdf,EMAIL,1,УЗ-4,.pdf
ПДнDataset/share/Прочее/83124a_7c666ad59fdd470f83e349daad57df65.pdf,EMAIL,1,УЗ-4,.pdf
ПДнDataset/share/Прочее/П73-ОД_37.05.02_Психология служ деят.pdf,Нет,0,УЗ-4,.pdf
ПДнDataset/share/Прочее/12.03.01_Приборостроение_П210-ОД_ПИШ.pdf,Нет,0,УЗ-4,.pdf
ПДнDataset/share/Прочее/Сведения о доходах проректоров директоров филиалов и зам главного бухгалтера ФГАОУ ВО ЮФУ 2021.xls,Нет,0,УЗ-4,.xls
ПДнDataset/share/Прочее/obrazDeatelnost.pdf,Нет,0,УЗ-4,.pdf
ПДнDataset/share/Прочее/43.04.02.pdf,BIRTHDAY,2,УЗ-4,.pdf
ПДнDataset/share/Прочее/44.04.01_sov_obr.pdf,BIRTHDAY,2,УЗ-4,.pdf
ПДнDataset/share/Прочее/p1311_07.06.2024.pdf,Нет,0,УЗ-4,.pdf
ПДнDataset/share/Прочее/mc201205.pdf,"PHONE, BIRTHDAY, EMAIL",28,УЗ-4,.pdf
ПДнDataset/share/Прочее/bezop_komp.pdf,Нет,0,УЗ-4,.pdf
ПДнDataset/share/Прочее/PravilaPriema_2025_VO_izm_24.01.2025.pdf,BIRTHDAY,7,УЗ-4,.pdf
ПДнDataset/share/Прочее/Svidetelstvo_2018_pril3.pdf,Нет,0,УЗ-4,.pdf
ПДнDataset/share/Прочее/Application-Offer-Form.rtf,EMAIL,1,УЗ-4,.rtf
ПДнDataset/share/Прочее/39.04.02.pdf,Нет,0,УЗ-4,.pdf
ПДнDataset/share/Прочее/01358-10-04-IFBM-2025-Acta-de-inicio-F.pdf,Нет,0,УЗ-4,.pdf
ПДнDataset/share/Прочее/ПП_2025_19.01.2025_итог.pdf,"PHONE, BIRTHDAY, EMAIL",25,УЗ-4,.pdf
ПДнDataset/share/Прочее/П283-ОД_01.11.2024.pdf,Нет,0,УЗ-4,.pdf
ПДнDataset/share/Прочее/43.04.01_programm_mag_2025.pdf,Нет,0,УЗ-4,.pdf
ПДнDataset/share/Прочее/Vistavka_rus-iaz.pdf,Нет,0,УЗ-4,.pdf
ПДнDataset/share/Прочее/Pravila_priema_2025_20_yanvarya.pdf,"PHONE, EMAIL",17,УЗ-4,.pdf
ПДнDataset/share/Прочее/Свидетельство 40.04.01_Муниципальное право.pdf,Нет,0,УЗ-4,.pdf
ПДнDataset/share/Прочее/П-198_20_02_2019 .pdf,Нет,0,УЗ-4,.pdf
ПДнDataset/share/Прочее/%D0%9F%D0%9F_2025_19.01.2025_%D0%B8%D1%82%D0%BE%D0%B31.pdf,"PHONE, BIRTHDAY, EMAIL",25,УЗ-4,.pdf
ПДнDataset/share/Прочее/П61-ОД ВУС.pdf,Нет,0,УЗ-4,.pdf
ПДнDataset/share/Прочее/UGC-Form-Annexures.pdf,Нет,0,УЗ-4,.pdf
ПДнDataset/share/Прочее/polozhenie_econom.pdf,BIRTHDAY,1,УЗ-4,.pdf
ПДнDataset/share/Прочее/P207_23.06.2023.pdf,BIRTHDAY,2,УЗ-4,.pdf
ПДнDataset/share/Прочее/m_lit.pdf,Нет,0,УЗ-4,.pdf
ПДнDataset/share/Прочее/osn_serv.pdf,Нет,0,УЗ-4,.pdf
ПДнDataset/share/Прочее/Политика_СВА_в_отношении_обработки_ПДн_2025.pdf,Нет,0,УЗ-4,.pdf
ПДнDataset/share/Прочее/20.04.01.pdf,Нет,0,УЗ-4,.pdf
ПДнDataset/share/Прочее/5.2.4.pdf,BIRTHDAY,2,УЗ-4,.pdf
ПДнDataset/share/Прочее/040401_M_11012018.pdf,Нет,0,УЗ-4,.pdf
ПДнDataset/share/Прочее/%D0%A0%D0%90%D0%A1_264-%D1%80%20HR%20%D0%BA%D0%BB%D1%83%D0%B1%2014.03.pdf,Нет,0,УЗ-4,.pdf
ПДнDataset/share/Прочее/Rasporiagenie-1092-p.pdf,EMAIL,1,УЗ-4,.pdf
ПДнDataset/share/Прочее/П445_11.03.2025.pdf,Нет,0,УЗ-4,.pdf
ПДнDataset/share/Прочее/DSU_Research_Ethics_Policy_2021.pdf,BIRTHDAY,1,УЗ-4,.pdf
ПДнDataset/share/Прочее/%D0%9F%D1%80%D0%B8%D0%BA%D0%B0%D0%B7%20%E2%84%96%201072%20(%D0%94%20999.027.02).pdf,Нет,0,УЗ-4,.pdf
ПДнDataset/share/Прочее/Prot2_20.02.2025.pdf,"SNILS, BIRTHDAY",204,УЗ-3,.pdf
ПДнDataset/share/Прочее/img\pdf\Student-Exchange-Policy.pdf,EMAIL,2,УЗ-4,.pdf
ПДнDataset/share/Прочее/%D0%98%D0%B7%D0%BC%D0%B5%D0%BD%D0%B5%D0%BD%D0%B8%D1%8F%20%D0%B2%20%D0%A3%D1%81%D1%82%D0%B0%D0%B2%20%D0%BE%D1%82%2013%20%D0%B4%D0%B5%D0%BA%D0%B0%D0%B1%D1%80%D1%8F%202022.pdf,Нет,0,УЗ-4,.pdf
ПДнDataset/share/Прочее/P346_24.08.2015.pdf,Нет,0,УЗ-4,.pdf
ПДнDataset/share/Прочее/П199-ОД_изм.ОС (ИКТиБ).pdf,Нет,0,УЗ-4,.pdf
ПДнDataset/share/Прочее/sved_o_d_u_2017.xls,Нет,0,УЗ-4,.xls
ПДнDataset/share/Прочее/ry_ino.pdf,Нет,0,УЗ-4,.pdf
ПДнDataset/share/Прочее/DSUSampleFilledFeedbackCollected.pdf,Нет,0,УЗ-4,.pdf
ПДнDataset/share/Прочее/%D0%9F%D1%80%D0%B8%D0%BA%D0%B0%D0%B7%20223%20%D0%BD%D0%BA.pdf,Нет,0,УЗ-4,.pdf
ПДнDataset/share/Прочее/New%20managerial%20opportunities%20for%20modern%20organization.pdf,EMAIL,1,УЗ-4,.pdf
ПДнDataset/share/Прочее/Horario_Aula_Hispanica_febrero-abril_2020.doc,Нет,0,УЗ-4,.doc
ПДнDataset/share/Прочее/Pr432_13.03.2024.pdf,Нет,0,УЗ-4,.pdf
ПДнDataset/share/Прочее/01.04.00.pdf,Нет,0,УЗ-4,.pdf
ПДнDataset/share/Прочее/requirements.pdf,EMAIL,23,УЗ-4,.pdf
ПДнDataset/share/Прочее/sved_o_d_gb_2017.xls,Нет,0,УЗ-4,.xls
ПДнDataset/share/Прочее/CNO_AULA_Hispanica.pdf,EMAIL,6,УЗ-4,.pdf
ПДнDataset/share/Прочее/PhD Interview Result July - 2024 session.pdf,Нет,0,УЗ-4,.pdf
ПДнDataset/share/Прочее/resh_minobr_19082002.pdf,Нет,0,УЗ-4,.pdf
ПДнDataset/share/Прочее/Poyasneniya_i_rekomendcii_RT_reytingovoy_comissii_2020.pdf,BIRTHDAY,9,УЗ-4,.pdf
ПДнDataset/share/Прочее/Course%20syllabus_Soviet%20Science%20and%20Science%20in%20Modern%20Russia_2022.pdf,EMAIL,1,УЗ-4,.pdf
ПДнDataset/share/Прочее/П156-ОД.pdf,BIRTHDAY,17,УЗ-4,.pdf
ПДнDataset/share/Прочее/AC calender -2024-25 (1).pdf,Нет,0,УЗ-4,.pdf
ПДнDataset/share/Прочее/formo.rtf,EMAIL,1,УЗ-4,.rtf
ПДнDataset/share/Прочее/Progress%20report%20on%20the%20implementation%20of%20the%20Excellence%20Initiative%20-%20Research%20University%20by%20TUL.pdf,EMAIL,1,УЗ-4,.pdf
ПДнDataset/share/Прочее/P93-21.01.25.pdf,Нет,0,УЗ-4,.pdf
ПДнDataset/share/Прочее/2.1.pdf,EMAIL,1,УЗ-4,.pdf
ПДнDataset/share/Прочее/sred_zp_adm_2017.pdf,Нет,0,УЗ-4,.pdf
ПДнDataset/share/Прочее/P1657.pdf,Нет,0,УЗ-4,.pdf
ПДнDataset/share/Прочее/%D0%A0502%20%D0%A4%D1%80%D0%BE%D0%BD%D1%82%D0%B8%D1%80%D1%8B%20%D0%BA%D0%B0%D1%80%D1%8C%D0%B5%D1%80%D1%8B.pdf,BIRTHDAY,1,УЗ-4,.pdf
ПДнDataset/share/Прочее/P510.pdf,Нет,0,УЗ-4,.pdf
ПДнDataset/share/Прочее/Stoimost_obucheniya_2017_P749.pdf,Нет,0,УЗ-4,.pdf
ПДнDataset/share/Прочее/П200-ОД 27.04.03.pdf,Нет,0,УЗ-4,.pdf
ПДнDataset/share/Прочее/4_Intelligent_and_High-tech_materials.pdf,EMAIL,1,УЗ-4,.pdf
ПДнDataset/share/Прочее/TsKP_Aviatsionnoy_tekhniki_i_tekhnologiy_Babeshko.pdf,Нет,0,УЗ-4,.pdf
ПДнDataset/share/Прочее/pr9_05062013.pdf,Нет,0,УЗ-4,.pdf
ПДнDataset/share/Прочее/pr6_09022013.pdf,BIRTHDAY,1,УЗ-4,.pdf
ПДнDataset/share/Прочее/pfhd_2023_01.pdf,"PASSPORT, PHONE, BIRTHDAY",4,УЗ-3,.pdf
ПДнDataset/share/Прочее/10.pdf,Нет,0,УЗ-4,.pdf
ПДнDataset/share/Прочее/07.04.03.pdf,Нет,0,УЗ-4,.pdf
ПДнDataset/share/Прочее/020402_M_11012018.pdf,Нет,0,УЗ-4,.pdf
ПДнDataset/share/Прочее/CMTF_oral_exam.pdf,Нет,0,УЗ-4,.pdf
ПДнDataset/share/Прочее/%D0%9E%D1%81%D0%BD%D0%BE%D0%B2%D1%8B%20%D1%85%D0%BE%D1%80%D0%B5%D0%BE%D0%B3%D1%80%D0%B0%D1%84%D0%B8%D1%87%D0%B5%D1%81%D0%BA%D0%BE%D0%B3%D0%BE%20%D0%B8%D1%81%D0%BF%D0%BE%D0%BB%D0%BD%D0%B8%D1%82%D0%B5%D0%BB%D1%8C%D1%81%D1%82%D0%B2%D0%B0.pdf,Нет,0,УЗ-4,.pdf
ПДнDataset/share/Прочее/CVDrKased.pdf,EMAIL,4,УЗ-4,.pdf
ПДнDataset/share/Прочее/5.4.6.pdf,Нет,0,УЗ-4,.pdf
ПДнDataset/share/Прочее/51.04.01.pdf,Нет,0,УЗ-4,.pdf
ПДнDataset/share/Прочее/soglasie_leadplan.pdf,"PASSPORT, BIRTHDAY, EMAIL",10,УЗ-3,.pdf
ПДнDataset/share/Прочее/030302_B_3_31082020.pdf,Нет,0,УЗ-4,.pdf
ПДнDataset/share/Прочее/П-2401_28_12_2018.pdf,Нет,0,УЗ-4,.pdf
ПДнDataset/share/Прочее/podiadok-priema-bakalavr-spets-2025.pdf,Нет,0,УЗ-4,.pdf
ПДнDataset/share/Прочее/p915 -02.05.24.pdf,Нет,0,УЗ-4,.pdf
ПДнDataset/share/Прочее/П166-ОД_10.04.2025.pdf,Нет,0,УЗ-4,.pdf
ПДнDataset/share/Прочее/eko_str.pdf,Нет,0,УЗ-4,.pdf
ПДнDataset/share/Прочее/%D0%9F179-%D0%9E%D0%94%2044.03.03.pdf,Нет,0,УЗ-4,.pdf
ПДнDataset/share/Прочее/ph.pdf,Нет,0,УЗ-4,.pdf
ПДнDataset/share/Прочее/Prikaz-1627.pdf,EMAIL,1,УЗ-4,.pdf
ПДнDataset/share/Прочее/2.3.8.pdf,BIRTHDAY,14,УЗ-4,.pdf
ПДнDataset/share/Прочее/P146_24.05.2023.pdf,BIRTHDAY,2,УЗ-4,.pdf
ПДнDataset/share/Прочее/Ecology%20of%20the%20city.pdf,EMAIL,1,УЗ-4,.pdf
ПДнDataset/share/Прочее/ayd%C4%B1nlatma%20metni%20-%20Copy%202.pdf,"BIRTHDAY, EMAIL",13,УЗ-4,.pdf
ПДнDataset/share/Прочее/40_04_01_program_mag_2025.pdf,BIRTHDAY,4,УЗ-4,.pdf
ПДнDataset/share/Прочее/Ранжированные списки (по итогам апелляций).pdf,Нет,0,УЗ-4,.pdf
ПДнDataset/share/Прочее/15.04.04.pdf,Нет,0,УЗ-4,.pdf
ПДнDataset/share/Прочее/%D0%9F183-%D0%9E%D0%94%2044.04.03.pdf,Нет,0,УЗ-4,.pdf
ПДнDataset/share/Прочее/5487d8240beaf469a1a10ee370749263.pdf,Нет,0,УЗ-4,.pdf
ПДнDataset/share/Прочее/216e9fc932f0a2027c207d9b1bb2e0cd.pdf,Нет,0,УЗ-4,.pdf
ПДнDataset/share/Прочее/russ.pdf,Нет,0,УЗ-4,.pdf
ПДнDataset/share/Прочее/44.03.03_ОС_Спец.(деф.)обр_compressed.pdf,Нет,0,УЗ-4,.pdf
ПДнDataset/share/Прочее/P129-OD_03.06.24.pdf,Нет,0,УЗ-4,.pdf
ПДнDataset/share/Прочее/requisites.pdf,"PASSPORT, PHONE, BIRTHDAY, EMAIL",13,УЗ-3,.pdf
ПДнDataset/share/Прочее/5_Fundamentals_of_sensorics_and_energy.pdf,EMAIL,1,УЗ-4,.pdf
ПДнDataset/share/Прочее/ujj532ypug9ufeambtzkzh6kfdqoa6yp.pdf,Нет,0,УЗ-4,.pdf
ПДнDataset/share/Прочее/Prikaz-1801.pdf,EMAIL,1,УЗ-4,.pdf
ПДнDataset/share/Прочее/P1895_24.08.2024.pdf,Нет,0,УЗ-4,.pdf
ПДнDataset/share/Прочее/%D0%9F%D1%80%D0%B8%D0%BA%D0%B0%D0%B7%20N906.pdf,Нет,0,УЗ-4,.pdf
ПДнDataset/share/Прочее/Birlo2016.pdf,Нет,0,УЗ-4,.pdf
ПДнDataset/share/Прочее/prikaz_10n_ot_26.07.2018.pdf,Нет,0,УЗ-4,.pdf
ПДнDataset/share/Прочее/050301_B_3_23082020.pdf,Нет,0,УЗ-4,.pdf
ПДнDataset/share/Прочее/inf2016.pdf,EMAIL,1,УЗ-4,.pdf
ПДнDataset/share/Прочее/РАС180-р_26.02.2025.pdf,Нет,0,УЗ-4,.pdf
ПДнDataset/share/Прочее/Ukaz Prezidenta 378.pdf,Нет,0,УЗ-4,.pdf
ПДнDataset/share/Прочее/chislen0603.pdf,Нет,0,УЗ-4,.pdf
ПДнDataset/share/Прочее/Pologenie_ob_ISiR-YUFU.pdf,Нет,0,УЗ-4,.pdf
ПДнDataset/share/Прочее/П1368 07.03.01 Архитектура.pdf,Нет,0,УЗ-4,.pdf
ПДнDataset/share/Прочее/070401_M_3_03072017.pdf,Нет,0,УЗ-4,.pdf
ПДнDataset/share/Прочее/P1078.pdf,Нет,0,УЗ-4,.pdf
ПДнDataset/share/Прочее/osn_r.pdf,Нет,0,УЗ-4,.pdf
ПДнDataset/share/Прочее/sved_o_d_r_2012-2014.docx,Нет,0,УЗ-4,.docx
ПДнDataset/share/Прочее/5.4.7.pdf,Нет,0,УЗ-4,.pdf
ПДнDataset/share/Прочее/07.04.02.pdf,Нет,0,УЗ-4,.pdf
ПДнDataset/share/Прочее/Audited_docs.pdf,Нет,0,УЗ-4,.pdf
ПДнDataset/share/Прочее/dog_pril9.pdf,Нет,0,УЗ-4,.pdf
ПДнDataset/share/Прочее/Свидетельство 40.04.01_Гражданское право.pdf,Нет,0,УЗ-4,.pdf
ПДнDataset/share/Прочее/20200322_174842.pdf,Нет,0,УЗ-4,.pdf
ПДнDataset/share/Прочее/020303_B_3_18092017.pdf,Нет,0,УЗ-4,.pdf
ПДнDataset/share/Прочее/24.11.2020 - форма согласия соискателя.docx,BIRTHDAY,2,УЗ-4,.docx
ПДнDataset/share/Прочее/Stoimost_obucheniya_2017_P748.pdf,Нет,0,УЗ-4,.pdf
ПДнDataset/share/Прочее/11_03_04.pdf,Нет,0,УЗ-4,.pdf
ПДнDataset/share/Прочее/44.04.01_177.pdf,Нет,0,УЗ-4,.pdf
ПДнDataset/share/Прочее/%D0%B7%D0%B0%D1%8F%D0%B2%D0%BB%D0%B5%D0%BD%D0%B8%D0%B5%20%D1%80%D0%B5%D0%BA%D1%82%D0%BE%D1%80%D1%83.docx,Нет,0,УЗ-4,.docx
ПДнDataset/share/Прочее/5.2.1.pdf,BIRTHDAY,2,УЗ-4,.pdf
ПДнDataset/share/Прочее/14-910.pdf,EMAIL,1,УЗ-4,.pdf
ПДнDataset/share/Прочее/allied_health_sciences_2025.pdf,EMAIL,1,УЗ-4,.pdf
ПДнDataset/share/Прочее/HA17_02.tif,Нет,0,УЗ-4,.tif
ПДнDataset/share/Прочее/Spisok_indiv_dostig.pdf,Нет,0,УЗ-4,.pdf
ПДнDataset/share/Прочее/%D0%9F163-%D0%9E%D0%94_08.04.2025.pdf,Нет,0,УЗ-4,.pdf
ПДнDataset/share/Прочее/vi_mag.docx,Нет,0,УЗ-4,.docx
ПДнDataset/share/Прочее/Свидетельство 48.03.01.pdf,Нет,0,УЗ-4,.pdf
ПДнDataset/share/Прочее/110402_M_3_11102017.pdf,Нет,0,УЗ-4,.pdf
ПДнDataset/share/Прочее/2.2.14.pdf,Нет,0,УЗ-4,.pdf
ПДнDataset/share/Прочее/Schools_of_sciences-info.pdf,EMAIL,1,УЗ-4,.pdf
ПДнDataset/share/Прочее/prot15-17-04-2015.pdf,Нет,0,УЗ-4,.pdf
ПДнDataset/share/Прочее/Planes2016_rus.pdf,Нет,0,УЗ-4,.pdf
ПДнDataset/share/Прочее/e341c346955f24a09fba0a84d37a870a.pdf,Нет,0,УЗ-4,.pdf
ПДнDataset/share/Прочее/%20%D1%81%D0%BE%D0%B3%D0%BB%D0%B0%D1%88%D0%B5%D0%BD%D0%B8%D0%B5.pdf,"BIRTHDAY, EMAIL",3,УЗ-4,.pdf
ПДнDataset/share/Прочее/lodz-university-of-technology-on-the-path-of-sustainable-development_0.pdf,Нет,0,УЗ-4,.pdf
ПДнDataset/share/Прочее/processing__agreement.pdf,"PASSPORT, PHONE, BIRTHDAY, EMAIL",54,УЗ-3,.pdf
ПДнDataset/share/Прочее/PCTE-2025.pdf,EMAIL,1,УЗ-4,.pdf
ПДнDataset/share/Прочее/Свидетельство 45.03.02.pdf,Нет,0,УЗ-4,.pdf
ПДнDataset/share/Прочее/Приказ ЮФУ от 07.02.2022  N 24-ОД.pdf,BIRTHDAY,3,УЗ-4,.pdf
ПДнDataset/share/Прочее/Cutting-edge%20management%20in%20hotels%20and%20hospitality%20enterprises.pdf,EMAIL,1,УЗ-4,.pdf
ПДнDataset/share/Прочее/izo.pdf,Нет,0,УЗ-4,.pdf
ПДнDataset/share/Прочее/Координаты для связи с профильными структурными подразделениями_3.pdf,"PHONE, EMAIL",102,УЗ-4,.pdf
ПДнDataset/share/Прочее/Ïîëîæåíèå%20êîíêóðñà%20ÐÀÍ%20äëÿ%20ìîëîäûõ%20ó÷åíûõ%20è%20ñòóäåíòîâ.pdf,Нет,0,УЗ-4,.pdf
ПДнDataset/share/Прочее/pfhd_2025.pdf,"PASSPORT, PHONE, BIRTHDAY",4,УЗ-3,.pdf
ПДнDataset/share/Прочее/annot_spec.pdf,Нет,0,УЗ-4,.pdf
ПДнDataset/share/Прочее/Errand_RFFI-form-v2.rtf,EMAIL,1,УЗ-4,.rtf
ПДнDataset/share/Прочее/politika-konfidencialnosti.pdf,Нет,0,УЗ-4,.pdf
ПДнDataset/share/Прочее/Licen_29.01.16.pdf,Нет,0,УЗ-4,.pdf
ПДнDataset/share/Прочее/2.2.16.pdf,Нет,0,УЗ-4,.pdf
ПДнDataset/share/Прочее/Manual_E-prihlaska-III-stupen.pdf,Нет,0,УЗ-4,.pdf
ПДнDataset/share/Прочее/1C_Science-pattern.rtf,EMAIL,1,УЗ-4,.rtf
ПДнDataset/share/Прочее/П255 прикрепленных соискателей иностранцев.pdf,Нет,0,УЗ-4,.pdf
ПДнDataset/share/Прочее/prikaz-393.pdf,EMAIL,1,УЗ-4,.pdf
ПДнDataset/share/Прочее/izveshenie-015.pdf,Нет,0,УЗ-4,.pdf
ПДнDataset/share/Прочее/П256 о подготовке докторантов граждан РФ.pdf,Нет,0,УЗ-4,.pdf
ПДнDataset/share/Прочее/incidents.json,Нет,0,УЗ-4,.json
ПДнDataset/share/Прочее/Course%20Syllabus%20(Preparation%20of%20Scientific%20Publications).pdf,EMAIL,1,УЗ-4,.pdf
ПДнDataset/share/Прочее/Flyer-Central Research Facilities_11zon.pdf,Нет,0,УЗ-4,.pdf
ПДнDataset/share/Прочее/prikaz-152.pdf,EMAIL,1,УЗ-4,.pdf
ПДнDataset/share/Прочее/11.03.02_Инфокоммуникационные технологии и системы связи_П210-ОД_ПИШ.pdf,Нет,0,УЗ-4,.pdf
ПДнDataset/share/Прочее/besp_s.pdf,BIRTHDAY,1,УЗ-4,.pdf
ПДнDataset/share/Прочее/ОС_12.03.04.pdf,Нет,0,УЗ-4,.pdf
ПДнDataset/share/Прочее/Свидетельство 46.04.01.pdf,Нет,0,УЗ-4,.pdf
ПДнDataset/share/Прочее/Копия Сведения о доходах ректора ФГАОУ ВО ЮФУ 2021г.xls,Нет,0,УЗ-4,.xls
ПДнDataset/share/Прочее/eticheskiy_kodeks_1.pdf,Нет,0,УЗ-4,.pdf
ПДнDataset/share/Прочее/P89.pdf,BIRTHDAY,9,УЗ-4,.pdf
ПДнDataset/share/Прочее/Freedom%20of%20Speech%20and%20Academic%20Freedom%20Code%20of%20Practice%20-%20v3.4.pdf,EMAIL,7,УЗ-4,.pdf
ПДнDataset/share/Прочее/5.2.3.pdf,BIRTHDAY,2,УЗ-4,.pdf
ПДнDataset/share/Прочее/P142_22.05.2023.pdf,BIRTHDAY,5,УЗ-4,.pdf
ПДнDataset/share/Прочее/Sootv_mag_2025.pdf,Нет,0,УЗ-4,.pdf
ПДнDataset/share/Прочее/deklaracia_cennostey_rau_25rQIGLhZ1JgSZ04q1668188834.pdf,Нет,0,УЗ-4,.pdf
ПДнDataset/share/Прочее/П9-ОД_20.01.2025.pdf,Нет,0,УЗ-4,.pdf
ПДнDataset/share/Прочее/Modern%20technology%20for%20improving%20the%20productivity%20of%20regional%20studies%20communications.pdf,EMAIL,1,УЗ-4,.pdf
ПДнDataset/share/Прочее/%D0%90%D0%BD%D0%BD%D0%BE%D1%82%D0%B0%D1%86%D0%B8%D1%8F%20%D0%90%D0%9F%D0%A6%D0%9F%D0%B8%D0%A6%D0%AD.pdf,EMAIL,2,УЗ-4,.pdf
ПДнDataset/share/Прочее/HS39_02.tif,Нет,0,УЗ-4,.tif
ПДнDataset/share/Прочее/Политика_конфиденциальности_объясняем_рф.pdf,Нет,0,УЗ-4,.pdf
ПДнDataset/share/Прочее/pfhd_2023_02.pdf,"PASSPORT, PHONE, BIRTHDAY",4,УЗ-3,.pdf
ПДнDataset/share/Прочее/P138_16.05.2023.pdf,BIRTHDAY,2,УЗ-4,.pdf
ПДнDataset/share/Прочее/pr125auto.doc,Нет,0,УЗ-4,.doc
ПДнDataset/share/Прочее/physical%20Culture%20and%20sport.pdf,EMAIL,1,УЗ-4,.pdf
ПДнDataset/share/Прочее/192-OD.pdf,Нет,0,УЗ-4,.pdf
ПДнDataset/share/Прочее/%D0%9F%D1%83%D0%B1%D0%BB%D0%B8%D1%87%D0%BD%D1%8B%D0%B9%20%D0%BE%D1%82%D1%87%D1%91%D1%82%20%D0%A2%D0%9A%20%D0%AE%D0%A4%D0%A3.pdf,BIRTHDAY,6,УЗ-4,.pdf
ПДнDataset/share/Прочее/Course%20syllabus_Nedin.pdf,EMAIL,1,УЗ-4,.pdf
ПДнDataset/share/Прочее/Public_Self_Disclosure_DSU.pdf,"PASSPORT, EMAIL",18,УЗ-3,.pdf
ПДнDataset/share/Прочее/progr_bzhd_2025.pdf,Нет,0,УЗ-4,.pdf
ПДнDataset/share/Прочее/723-30-07-2014.pdf,Нет,0,УЗ-4,.pdf
ПДнDataset/share/Прочее/17_av1-202252.pdf,"BIRTHDAY, EMAIL",10,УЗ-4,.pdf
ПДнDataset/share/Прочее/gl_VII_exam_P120-OD_reglament_PK.pdf,BIRTHDAY,1,УЗ-4,.pdf
ПДнDataset/share/Прочее/Excursion%20business.pdf,EMAIL,1,УЗ-4,.pdf
ПДнDataset/share/Прочее/П202-ОД 38.03.05.pdf,Нет,0,УЗ-4,.pdf
ПДнDataset/share/Прочее/teacher_instruction_new.pdf,"PHONE, EMAIL",2,УЗ-4,.pdf
ПДнDataset/share/Прочее/Изменения Устав 8 октября 2019.pdf,Нет,0,УЗ-4,.pdf
ПДнDataset/share/Прочее/15.04.04_Автоматизация технологических процессов и производств_П210-ОД_ПИШ.pdf,Нет,0,УЗ-4,.pdf
ПДнDataset/share/Прочее/Свидетельство 40.04.01_Юрист-государствовед.pdf,Нет,0,УЗ-4,.pdf
ПДнDataset/share/Прочее/p126od.pdf,Нет,0,УЗ-4,.pdf
ПДнDataset/share/Прочее/Akkr_lyceum_29.05.17_0.pdf,Нет,0,УЗ-4,.pdf
ПДнDataset/share/Прочее/Prilojenie_1_6 .pdf,Нет,0,УЗ-4,.pdf
ПДнDataset/share/Прочее/Свидетельство 28.04.01.pdf,Нет,0,УЗ-4,.pdf
ПДнDataset/share/Прочее/070303_B_3_03072017.pdf,Нет,0,УЗ-4,.pdf
ПДнDataset/share/Прочее/%D0%B4%D0%BE%D0%B3%D0%BE%D0%B2%D0%BE%D1%80_%D0%B8%D1%8E%D0%BB%D1%8C.docx,BIRTHDAY,2,УЗ-4,.docx
ПДнDataset/share/Прочее/SoE_Brochure_2025.pdf,EMAIL,1,УЗ-4,.pdf
ПДнDataset/share/Прочее/Свидетельство 51.03.01.pdf,Нет,0,УЗ-4,.pdf
ПДнDataset/share/Прочее/sved_o_d_j_2015.xls,Нет,0,УЗ-4,.xls
ПДнDataset/share/Прочее/P99_290120.pdf,Нет,0,УЗ-4,.pdf
ПДнDataset/share/Прочее/google_privacy_policy_nl_eu.pdf,Нет,0,УЗ-4,.pdf
ПДнDataset/share/Прочее/15.04.06.pdf,Нет,0,УЗ-4,.pdf
ПДнDataset/share/Прочее/sved_o_d_k_2015.xls,Нет,0,УЗ-4,.xls
ПДнDataset/share/Прочее/ОС_14.03.02.pdf,Нет,0,УЗ-4,.pdf
ПДнDataset/share/Прочее/TA14_02.tif,Нет,0,УЗ-4,.tif
ПДнDataset/share/Прочее/Выписка из реестра ГА 06.05.01 06.05.02.pdf,"PASSPORT, BIRTHDAY",4,УЗ-3,.pdf
ПДнDataset/share/Прочее/Сведения о доходах проректоров директоров филиалов и зам. главного бухгалтера ФГАОУ ВО ЮФУ 2020.xls,Нет,0,УЗ-4,.xls
ПДнDataset/share/Прочее/BA_JMC_brochure_2025.pdf,PASSPORT,1,УЗ-3,.pdf
ПДнDataset/share/Прочее/Birlo2015.pdf,Нет,0,УЗ-4,.pdf
ПДнDataset/share/Прочее/StateTask_competition_updating-info.pdf,EMAIL,1,УЗ-4,.pdf
ПДнDataset/share/Прочее/Sred_ZPL_Adm_2016.pdf,BIRTHDAY,22,УЗ-4,.pdf
ПДнDataset/share/Прочее/NSS_Actvities.pdf,Нет,0,УЗ-4,.pdf
ПДнDataset/share/Прочее/BSc_MSc_Basic_Science_brochure_2025.pdf,EMAIL,1,УЗ-4,.pdf
ПДнDataset/share/Прочее/%D0%9F180-%D0%9E%D0%94%2044.03.04.pdf,Нет,0,УЗ-4,.pdf
ПДнDataset/share/Прочее/P300.pdf,BIRTHDAY,9,УЗ-4,.pdf
ПДнDataset/share/Прочее/119,Нет,0,УЗ-4,
ПДнDataset/share/Прочее/Декларация Железноводск2016.xls,Нет,0,УЗ-4,.xls
ПДнDataset/share/Прочее/Public Notice_GULF.pdf,Нет,0,УЗ-4,.pdf
ПДнDataset/share/Прочее/07.04.01.pdf,Нет,0,УЗ-4,.pdf
ПДнDataset/share/Прочее/%D0%9A%D0%94-015.pdf,Нет,0,УЗ-4,.pdf
ПДнDataset/share/Прочее/П282-ОД_01.11.2024.pdf,Нет,0,УЗ-4,.pdf
ПДнDataset/share/Прочее/5.4.4.pdf,Нет,0,УЗ-4,.pdf
ПДнDataset/share/Прочее/ЮФУ информация по письму МН-17 83-АО от 16.04.2020.pdf,Нет,0,УЗ-4,.pdf
ПДнDataset/share/Прочее/120304_B_3_06102017.pdf,Нет,0,УЗ-4,.pdf
ПДнDataset/share/Прочее/_%D0%BF%D1%80%D0%BE%D0%B3%D1%80%D0%B0%D0%BC%D0%BC%D1%8B%20%D0%9F%D0%98%D0%A0%20%D0%B4%D0%BB%D1%8F%20%D0%9C%D0%9E%D0%9D_16-12-15.pdf,Нет,0,УЗ-4,.pdf
ПДнDataset/share/Прочее/П259-ОД.pdf,Нет,0,УЗ-4,.pdf
ПДнDataset/share/Прочее/P1090.pdf,Нет,0,УЗ-4,.pdf
ПДнDataset/share/Прочее/RSOCH_2025.pdf,Нет,0,УЗ-4,.pdf
ПДнDataset/share/Прочее/2025-olanaklar.pdf,Нет,0,УЗ-4,.pdf
ПДнDataset/share/Прочее/П201-ОД 37.03.01.pdf,Нет,0,УЗ-4,.pdf
ПДнDataset/share/Прочее/Главный бухгалтер сведения в рамках декларационной кампании.xls,Нет,0,УЗ-4,.xls
ПДнDataset/share/Прочее/formulario_inscripcion_dele_2022.pdf,EMAIL,5,УЗ-4,.pdf
ПДнDataset/share/Прочее/Course%20syllabus%20sample_Urban%20development.pdf,EMAIL,1,УЗ-4,.pdf
ПДнDataset/share/Прочее/Сведения о доходах врио ректора ФГАОУ ВО ЮФУ 2018.xls,Нет,0,УЗ-4,.xls
ПДнDataset/share/Прочее/p348-od-2014.pdf,Нет,0,УЗ-4,.pdf
ПДнDataset/share/Прочее/Филиал в Геленджике декларация на сайт 2016 г..xls,Нет,0,УЗ-4,.xls
ПДнDataset/share/Прочее/%D0%A0%D0%90%D0%A1_669-%D1%80.pdf,Нет,0,УЗ-4,.pdf
ПДнDataset/share/Прочее/v-profsoyuz-rabotnika-yufu2024.doc,Нет,0,УЗ-4,.doc
ПДнDataset/share/Прочее/27.03.04_Управление в технических системах_П210-ОД_ПИШ.pdf,Нет,0,УЗ-4,.pdf
ПДнDataset/share/Прочее/Course%20syllabus%20Biogeochemistry.docx,Нет,0,УЗ-4,.docx
ПДнDataset/share/Прочее/Prilozhieniie.pdf,EMAIL,1,УЗ-4,.pdf
ПДнDataset/share/Прочее/elibrary_23574569_13998696.pdf,EMAIL,1,УЗ-4,.pdf
ПДнDataset/share/Прочее/%D0%A0764.pdf,BIRTHDAY,1,УЗ-4,.pdf
ПДнDataset/share/Прочее/rasp504_20130930.pdf,BIRTHDAY,1,УЗ-4,.pdf
ПДнDataset/share/Прочее/П1370 54.04.02 ДПИ.pdf,Нет,0,УЗ-4,.pdf
ПДнDataset/share/Прочее/BSC_DS_2025.pdf,EMAIL,1,УЗ-4,.pdf
ПДнDataset/share/Прочее/Course%20syllabus%20MODERN%20NUMERICAL%20METHODS%20IN%20MATHEMATICAL%20MODELING.pdf,EMAIL,1,УЗ-4,.pdf
ПДнDataset/share/Прочее/Prikaz%20323.pdf,Нет,0,УЗ-4,.pdf
ПДнDataset/share/Прочее/1C_University-input_errors.pdf,EMAIL,1,УЗ-4,.pdf
ПДнDataset/share/Прочее/Для сайта ЮФУ1.pdf,Нет,0,УЗ-4,.pdf
ПДнDataset/share/Прочее/Свидетельство ПОА 07.03.01.pdf,Нет,0,УЗ-4,.pdf
ПДнDataset/share/Прочее/Aula_Hispánica_osen_2018_rus.doc,Нет,0,УЗ-4,.doc
ПДнDataset/share/Прочее/CS10.mp4,Нет,0,УЗ-4,.mp4
ПДнDataset/share/Прочее/Course%20syllabus%20sample_Urban%20design%20project%204.%20Renovation%20of%20the%20urban%20environment.pdf,EMAIL,1,УЗ-4,.pdf
ПДнDataset/share/Прочее/20120518_D212-208-10_01-04-03_TimoshenkoPE.pdf,Нет,0,УЗ-4,.pdf
ПДнDataset/share/Прочее/Urban_Design.pdf,Нет,0,УЗ-4,.pdf
ПДнDataset/share/Прочее/110401_М_3_17062021.pdf,BIRTHDAY,25,УЗ-4,.pdf
ПДнDataset/share/Прочее/pfhd_2024.pdf,"PASSPORT, PHONE, BIRTHDAY",4,УЗ-3,.pdf
ПДнDataset/share/Прочее/competitions_list-2020_15.04-info.pdf,EMAIL,1,УЗ-4,.pdf
ПДнDataset/share/Прочее/22nssvm5rk9x2ss9h33xq5h9ckbae1gd.pdf,"BIRTHDAY, EMAIL",9,УЗ-4,.pdf
ПДнDataset/share/Прочее/sved_o_d_gb_2015.xls,Нет,0,УЗ-4,.xls
ПДнDataset/share/Прочее/Свидетельство 45.03.01.pdf,Нет,0,УЗ-4,.pdf
ПДнDataset/share/Прочее/DSU_City_innovation_Campus_Programs_2025.pdf,EMAIL,1,УЗ-4,.pdf
ПДнDataset/share/Прочее/%D0%9F1620_%D0%9F%D0%BB%D0%B0%D0%BD%20%D0%92%D0%A0%20%D0%BD%D0%B0%202021-2022%20%D1%83%D1%87.%D0%B3%D0%BE%D0%B4.pdf,"PASSPORT, BIRTHDAY",434,УЗ-3,.pdf
ПДнDataset/share/Прочее/526.pdf,Нет,0,УЗ-4,.pdf
ПДнDataset/share/Прочее/organigramme-general-1.pdf,Нет,0,УЗ-4,.pdf
ПДнDataset/share/Прочее/Kol_dog_2024-2027.pdf,Нет,0,УЗ-4,.pdf
ПДнDataset/share/Прочее/prikaz_11n_ot_26.07.2018.pdf,Нет,0,УЗ-4,.pdf
ПДнDataset/share/Прочее/lit_ino.pdf,Нет,0,УЗ-4,.pdf
ПДнDataset/share/Прочее/Otchet_mezhdunarodnaya_deyatelnost_2016.pdf,"BIRTHDAY, EMAIL",78,УЗ-4,.pdf
ПДнDataset/share/Прочее/2.5.13.pdf,Нет,0,УЗ-4,.pdf
ПДнDataset/share/Прочее/39_2024_.pdf,BIRTHDAY,9,УЗ-4,.pdf
ПДнDataset/share/Прочее/08112019_licmed.pdf,Нет,0,УЗ-4,.pdf
ПДнDataset/share/Прочее/P812_18.04.2024.pdf,Нет,0,УЗ-4,.pdf
ПДнDataset/share/Прочее/Информационное письмо ВАК - 05.04.2024.pdf,Нет,0,УЗ-4,.pdf
ПДнDataset/share/Прочее/Course%20syllabus_Semiotic%20Studies%20in%20Russia%20and%20Development%20of%20the%20Humanities%20in%20Europe_2022.pdf,EMAIL,1,УЗ-4,.pdf
ПДнDataset/share/Прочее/Письмо ВАК N 01-02_111 Для сайта.pdf,Нет,0,УЗ-4,.pdf
ПДнDataset/share/Прочее/polozhenie_inst_filol.pdf,Нет,0,УЗ-4,.pdf
ПДнDataset/share/Прочее/П2274 АБИМ.pdf,BIRTHDAY,5,УЗ-4,.pdf
ПДнDataset/share/Прочее/Реестр экскурсоводов 2024_ 02.12.2024.pdf,"PASSPORT, PHONE, BIRTHDAY, EMAIL",104,УЗ-3,.pdf
ПДнDataset/share/Прочее/54.04.01.pdf,Нет,0,УЗ-4,.pdf
ПДнDataset/share/Прочее/П2357.pdf,Нет,0,УЗ-4,.pdf
ПДнDataset/share/Прочее/П142-ОД_28.03.2025.pdf,Нет,0,УЗ-4,.pdf
ПДнDataset/share/Прочее/geo_inf.pdf,BIRTHDAY,5,УЗ-4,.pdf
ПДнDataset/share/Прочее/Hostel_Fee_2025_1.pdf,Нет,0,УЗ-4,.pdf
ПДнDataset/share/Прочее/posih.pdf,Нет,0,УЗ-4,.pdf
ПДнDataset/share/Прочее/P537.pdf,Нет,0,УЗ-4,.pdf
ПДнDataset/share/Прочее/2.0 Как найти уникальный номер поступающего.pdf,Нет,0,УЗ-4,.pdf
ПДнDataset/share/Прочее/П47-ОД_10.03.2023.pdf,Нет,0,УЗ-4,.pdf
ПДнDataset/share/Прочее/elibrary_25302434_33897683.pdf,EMAIL,1,УЗ-4,.pdf
ПДнDataset/share/Прочее/Свидетельство ПОА 37.03.02.pdf,Нет,0,УЗ-4,.pdf
ПДнDataset/share/Прочее/bio_him_obr.pdf,Нет,0,УЗ-4,.pdf
ПДнDataset/share/Прочее/П237-ОД 44.04.01.pdf,Нет,0,УЗ-4,.pdf
ПДнDataset/share/Прочее/literatura.pdf,Нет,0,УЗ-4,.pdf
ПДнDataset/share/Прочее/%D0%A0%D0%90%D0%A1_419-%D1%80%20%D0%B4%D0%B5%D0%BD%D1%8C%20%D0%B2%D1%8B%D0%BF%D1%83%D1%81%D0%BA%D0%BD%D0%B8%D0%BA%D0%B0.pdf,EMAIL,1,УЗ-4,.pdf
ПДнDataset/share/Прочее/kol_vo_mag.pdf,Нет,0,УЗ-4,.pdf
ПДнDataset/share/Прочее/2025-2.pdf,"PASSPORT, PHONE, EMAIL",5,УЗ-3,.pdf
ПДнDataset/share/Прочее/license.pdf,Нет,0,УЗ-4,.pdf
ПДнDataset/share/Прочее/Свидетельство ПОА 01.04.02.pdf,Нет,0,УЗ-4,.pdf
ПДнDataset/share/Прочее/HS18_03.tif,Нет,0,УЗ-4,.tif
ПДнDataset/share/Прочее/П-197_20_02_2019.pdf,Нет,0,УЗ-4,.pdf
ПДнDataset/share/Прочее/img\pdf\research\List of Consultancy Projects and Services_01.04.2024.pdf,EMAIL,2,УЗ-4,.pdf
ПДнDataset/share/Прочее/110304_B_3_12102017.pdf,Нет,0,УЗ-4,.pdf
ПДнDataset/share/Прочее/Свидетельство 43.04.02.pdf,Нет,0,УЗ-4,.pdf
ПДнDataset/share/Прочее/Carta_ASEM.pdf,"PHONE, BIRTHDAY",14,УЗ-4,.pdf
ПДнDataset/share/Прочее/37.04.02.pdf,Нет,0,УЗ-4,.pdf
ПДнDataset/share/Прочее/2.3.7.pdf,Нет,0,УЗ-4,.pdf
ПДнDataset/share/Прочее/П1114_16.05.2025.pdf,Нет,0,УЗ-4,.pdf
ПДнDataset/share/Прочее/pravila_priema_asp_2025.pdf,Нет,0,УЗ-4,.pdf
ПДнDataset/share/Прочее/approve39-2023.pdf,BIRTHDAY,9,УЗ-4,.pdf
ПДнDataset/share/Прочее/Prikaz-200.pdf,EMAIL,1,УЗ-4,.pdf
ПДнDataset/share/Прочее/П228-ОД 10.03.01.pdf,Нет,0,УЗ-4,.pdf
ПДнDataset/share/Прочее/Protokol_5_30.08.2023.pdf,Нет,0,УЗ-4,.pdf
ПДнDataset/share/Прочее/user_registration_in_EBS_Lan.docx,EMAIL,2,УЗ-4,.docx
ПДнDataset/share/Прочее/ОС_05.03.01.pdf,Нет,0,УЗ-4,.pdf
ПДнDataset/share/Прочее/120401_M_3_12102017.pdf,Нет,0,УЗ-4,.pdf
ПДнDataset/share/Прочее/Course%20syllabus%20(Model-analytical%20and%20Strategic%20Research%20Methods).pdf,EMAIL,1,УЗ-4,.pdf
ПДнDataset/share/Прочее/P1000_15.06.20.pdf,Нет,0,УЗ-4,.pdf
ПДнDataset/share/Прочее/2.3.6.pdf,Нет,0,УЗ-4,.pdf
ПДнDataset/share/Прочее/Competitions_list-2017_22.08-info.pdf,EMAIL,1,УЗ-4,.pdf
ПДнDataset/share/Прочее/%D0%9F336-%D0%9E%D0%94_05.12.2022_%20%D0%A1%D1%82%D0%B0%D0%BD%D0%B4%D0%B0%D1%80%D1%82%20%D0%AE%D0%A4%D0%A3_10.05.04.pdf,Нет,0,УЗ-4,.pdf
ПДнDataset/share/Прочее/11.03.03_Конструирование и технология электронных средств_П210-ОД_ПИШ.pdf,Нет,0,УЗ-4,.pdf
ПДнDataset/share/Прочее/sved_o_d_f_j_2014.xls,Нет,0,УЗ-4,.xls
ПДнDataset/share/Прочее/aksioma_uspeha.pdf,Нет,0,УЗ-4,.pdf
ПДнDataset/share/Прочее/Свидетельство 43.04.03.pdf,Нет,0,УЗ-4,.pdf
ПДнDataset/share/Прочее/Р688.pdf,"PASSPORT, PHONE, BIRTHDAY, EMAIL",19,УЗ-3,.pdf
ПДнDataset/share/Прочее/140302_B_3_22062018.pdf,Нет,0,УЗ-4,.pdf
ПДнDataset/share/Прочее/П33-ОД о внесении изменений в ОС 40.03.01.pdf,Нет,0,УЗ-4,.pdf
ПДнDataset/share/Прочее/22.pdf,Нет,0,УЗ-4,.pdf
ПДнDataset/share/Прочее/P1077.pdf,Нет,0,УЗ-4,.pdf
ПДнDataset/share/Прочее/fk.pdf,BIRTHDAY,5,УЗ-4,.pdf
ПДнDataset/share/Прочее/rp23-11-2006-N1616-p.pdf,Нет,0,УЗ-4,.pdf
ПДнDataset/share/Прочее/110303_B_3_17102017.pdf,Нет,0,УЗ-4,.pdf
ПДнDataset/share/Прочее/Индивидуальный план работы аспиранта для набора 2022 г. (5).docx,Нет,0,УЗ-4,.docx
ПДнDataset/share/Прочее/Свидетельство ПОА 01.04.03.pdf,Нет,0,УЗ-4,.pdf
ПДнDataset/share/Прочее/679.pdf,Нет,0,УЗ-4,.pdf
ПДнDataset/share/Прочее/П196-ОД 09.03.02.pdf,Нет,0,УЗ-4,.pdf
ПДнDataset/share/Прочее/П1091 20.06.2017.pdf,Нет,0,УЗ-4,.pdf
ПДнDataset/share/Прочее/HA12_01.tif,Нет,0,УЗ-4,.tif
ПДнDataset/share/Прочее/41.04.05_International_Communication.pdf,PHONE,1,УЗ-4,.pdf
ПДнDataset/share/Прочее/фототека1.pdf,Нет,0,УЗ-4,.pdf
ПДнDataset/share/Прочее/382-02 Для сайта.pdf,Нет,0,УЗ-4,.pdf
ПДнDataset/share/Прочее/П1071.pdf,Нет,0,УЗ-4,.pdf
ПДнDataset/share/Прочее/P326-OD.pdf,Нет,0,УЗ-4,.pdf
ПДнDataset/share/Прочее/030402_M_3_22082020.pdf,Нет,0,УЗ-4,.pdf
ПДнDataset/share/Прочее/Stoimost_obucheniya_2017_P747.pdf,Нет,0,УЗ-4,.pdf
ПДнDataset/share/Прочее/Protokol N3 01.07.21.pdf,Нет,0,УЗ-4,.pdf
ПДнDataset/share/Прочее/ist_gos.pdf,Нет,0,УЗ-4,.pdf
ПДнDataset/share/Прочее/P232_18.07.2023.pdf,BIRTHDAY,2,УЗ-4,.pdf
ПДнDataset/share/Прочее/pp-bsm.pdf,BIRTHDAY,11,УЗ-4,.pdf
ПДнDataset/share/Прочее/edvr4ufwv5zh72zrpiplz60e2rtwethf.pdf,BIRTHDAY,5,УЗ-4,.pdf
ПДнDataset/share/Прочее/Mineral_Resources__vitoshko.pdf,Нет,0,УЗ-4,.pdf
ПДнDataset/share/Прочее/Ukaz Prezidenta 147_01.04.16.doc,Нет,0,УЗ-4,.doc
ПДнDataset/share/Прочее/П47-ОД_МИМДО_03.03.2022.pdf,BIRTHDAY,1,УЗ-4,.pdf
"ПДнDataset/share/Прочее/П602-ОД Бак, спец, маг.pdf",Нет,0,УЗ-4,.pdf
ПДнDataset/share/Прочее/LICENSE_1_0.txt,Нет,0,УЗ-4,.txt
ПДнDataset/share/Прочее/Course%20Syllabus%20(General%20Pedagogy).pdf,EMAIL,1,УЗ-4,.pdf
ПДнDataset/share/Прочее/02.04.02.pdf,Нет,0,УЗ-4,.pdf
ПДнDataset/share/Прочее/Ukaz Prezidenta 478_16.08.21.pdf,Нет,0,УЗ-4,.pdf
ПДнDataset/share/Прочее/ist_ino.pdf,Нет,0,УЗ-4,.pdf
ПДнDataset/share/Прочее/progr_pmmvopd_2025.pdf,Нет,0,УЗ-4,.pdf
ПДнDataset/share/Прочее/p692-od-2014.pdf,Нет,0,УЗ-4,.pdf
ПДнDataset/share/Прочее/Согласие_ПДн_(map.ncpti.ru).rtf,"PASSPORT, BIRTHDAY",4,УЗ-3,.rtf
ПДнDataset/share/Прочее/Government-order_220-notice.rtf,EMAIL,1,УЗ-4,.rtf
ПДнDataset/share/Прочее/programm.pdf,Нет,0,УЗ-4,.pdf
ПДнDataset/share/Прочее/28.04.01_t.pdf,Нет,0,УЗ-4,.pdf
ПДнDataset/share/Прочее/poryadok asp 1259.docx,Нет,0,УЗ-4,.docx
ПДнDataset/share/Прочее/11.04.03_Конструирование и технология электронных средств_П210-ОД_ПИШ.pdf,Нет,0,УЗ-4,.pdf
ПДнDataset/share/Прочее/PROGRAMMA%20FESTIVAL.pdf,BIRTHDAY,1,УЗ-4,.pdf
ПДнDataset/share/Прочее/П43-ОД_02.04.02 ФИИТ.pdf,Нет,0,УЗ-4,.pdf
ПДнDataset/share/Прочее/SoL_Brochure.pdf,EMAIL,1,УЗ-4,.pdf
ПДнDataset/share/Прочее/gidrolog.pdf,Нет,0,УЗ-4,.pdf
ПДнDataset/share/Прочее/%D0%A1%D0%BE%D0%B3%D0%BB%D0%B0%D1%88%D0%B5%D0%BD%D0%B8%D0%B5%20%D0%BE%20%D1%81%D0%BE%D1%82%D1%80%D1%83%D0%B4%D0%BD%D0%B8%D1%87%D0%B5%D1%81%D1%82%D0%B2%D0%B5%20%D0%9D%D0%A2%D0%98.pdf,Нет,0,УЗ-4,.pdf
ПДнDataset/share/Прочее/copy_of_shortlist-of-recommended-courses-2022-2023-21-09-2022.pdf,Нет,0,УЗ-4,.pdf
ПДнDataset/share/Прочее/ID_2025.pdf,Нет,0,УЗ-4,.pdf
ПДнDataset/share/Прочее/Ombadsuperson.pdf,EMAIL,2,УЗ-4,.pdf
ПДнDataset/share/Прочее/П1363 49.03.01 Физическая культура.pdf,Нет,0,УЗ-4,.pdf
ПДнDataset/share/Прочее/Prikaz 1742.pdf,Нет,0,УЗ-4,.pdf
ПДнDataset/share/Прочее/527.pdf,Нет,0,УЗ-4,.pdf
ПДнDataset/share/Прочее/533.pdf,Нет,0,УЗ-4,.pdf
ПДнDataset/share/Прочее/1.2.2_r.pdf,Нет,0,УЗ-4,.pdf
ПДнDataset/share/Прочее/P321-OD_APP.pdf,Нет,0,УЗ-4,.pdf
ПДнDataset/share/Прочее/525.pdf,Нет,0,УЗ-4,.pdf
ПДнDataset/share/Прочее/060301_B_3_23082020.pdf,Нет,0,УЗ-4,.pdf
ПДнDataset/share/Прочее/10.05.02 Информационная безопасность телекомм.систем.pdf,Нет,0,УЗ-4,.pdf
ПДнDataset/share/Прочее/vozr_psih.pdf,Нет,0,УЗ-4,.pdf
ПДнDataset/share/Прочее/090401_M_3_11102017.pdf,Нет,0,УЗ-4,.pdf
ПДнDataset/share/Прочее/UKS_Campus_Map_English.pdf,EMAIL,1,УЗ-4,.pdf
ПДнDataset/share/Прочее/13.03.02_Электроэнергетика и электротехника_П210-ОД_ПИШ.pdf,Нет,0,УЗ-4,.pdf
ПДнDataset/share/Прочее/KS13_01.tif,Нет,0,УЗ-4,.tif
ПДнDataset/share/Прочее/12_03_01.pdf,Нет,0,УЗ-4,.pdf
ПДнDataset/share/Прочее/P248_2022.pdf,Нет,0,УЗ-4,.pdf
ПДнDataset/share/Прочее/eko_geo.pdf,Нет,0,УЗ-4,.pdf
ПДнDataset/share/Прочее/sved_o_d_f_k_2014.docx,Нет,0,УЗ-4,.docx
ПДнDataset/share/Прочее/09.04.01 Информатика и вычислительная техника.pdf,Нет,0,УЗ-4,.pdf
ПДнDataset/share/Прочее/sport_sover.pdf,BIRTHDAY,5,УЗ-4,.pdf
ПДнDataset/share/Прочее/П-37-ОД изменения в 44.05.01.pdf,Нет,0,УЗ-4,.pdf
ПДнDataset/share/Прочее/44.03.01_ОС_ПО_compressed.pdf,Нет,0,УЗ-4,.pdf
ПДнDataset/share/Прочее/14-909.pdf,EMAIL,1,УЗ-4,.pdf
ПДнDataset/share/Прочее/118 от 24.02.2021 Номенклатура Для сайта.pdf,Нет,0,УЗ-4,.pdf
ПДнDataset/share/Прочее/osn_hud_d.pdf,Нет,0,УЗ-4,.pdf
ПДнDataset/share/Прочее/54.04.02.pdf,Нет,0,УЗ-4,.pdf
ПДнDataset/share/Прочее/Tourism%20development.pdf,EMAIL,1,УЗ-4,.pdf
ПДнDataset/share/Прочее/%D0%9E%D1%82%D1%87%D0%B5%D1%82%20%D0%BE%20%D0%BA%D0%BE%D0%BC%D0%B0%D0%BD%D0%B4%D0%B8%D1%80%D0%BE%D0%B2%D0%BA%D0%B5.docx,Нет,0,УЗ-4,.docx
ПДнDataset/share/Прочее/П71-ОД_37.04.01 Психология.pdf,BIRTHDAY,2,УЗ-4,.pdf
ПДнDataset/share/Прочее/09.04.04 Программная инженерия.pdf,Нет,0,УЗ-4,.pdf
ПДнDataset/share/Прочее/CS06_04.tif,Нет,0,УЗ-4,.tif
ПДнDataset/share/Прочее/polojenie_AARCHI.pdf,Нет,0,УЗ-4,.pdf
ПДнDataset/share/Прочее/BAKSPEC.docx,Нет,0,УЗ-4,.docx
ПДнDataset/share/Прочее/П1073.pdf,Нет,0,УЗ-4,.pdf
ПДнDataset/share/Прочее/П458_13.03.2025.pdf,Нет,0,УЗ-4,.pdf
ПДнDataset/share/Прочее/Course%20syllabus%20MODERN%20Computer%20Technologies%202022.pdf,EMAIL,1,УЗ-4,.pdf
ПДнDataset/share/Прочее/%D0%9C%D0%B5%D1%80%D0%BE%D0%BF%D1%80%D0%B8%D1%8F%D1%82%D0%B8%D1%8F_%D0%9D%D0%90%D0%9C_%D0%B2%D0%B5%D1%81%D0%BD%D0%B0_2022.pdf,"PASSPORT, BIRTHDAY",22,УЗ-3,.pdf
ПДнDataset/share/Прочее/Свидетельство ПОА 01.04.01.pdf,Нет,0,УЗ-4,.pdf
ПДнDataset/share/Прочее/P581-NK_11-06-2024.pdf,Нет,0,УЗ-4,.pdf
ПДнDataset/share/Прочее/diz_komp.pdf,Нет,0,УЗ-4,.pdf
ПДнDataset/share/Прочее/report_07112022.pdf,BIRTHDAY,5,УЗ-4,.pdf
ПДнDataset/share/Прочее/ОС 04.05.01 Фундаментальная и прикладная химия.pdf,Нет,0,УЗ-4,.pdf
ПДнDataset/share/Прочее/П793_17.04.24.pdf,Нет,0,УЗ-4,.pdf
ПДнDataset/share/Прочее/37.04.01.pdf,Нет,0,УЗ-4,.pdf
ПДнDataset/share/Прочее/ris_cher.pdf,Нет,0,УЗ-4,.pdf
ПДнDataset/share/Прочее/StS6_rezerv.pdf,Нет,0,УЗ-4,.pdf
ПДнDataset/share/Прочее/5.8.7.pdf,Нет,0,УЗ-4,.pdf
ПДнDataset/share/Прочее/110501_C_3_09032018.pdf,Нет,0,УЗ-4,.pdf
ПДнDataset/share/Прочее/2.3.4.pdf,Нет,0,УЗ-4,.pdf
ПДнDataset/share/Прочее/П239-ОД 07.04.04.pdf,Нет,0,УЗ-4,.pdf
ПДнDataset/share/Прочее/Fundamentals%20of%20Tourism.pdf,EMAIL,1,УЗ-4,.pdf
ПДнDataset/share/Прочее/Реестровая выписка ГА 25.02.25_СПО.pdf,"PASSPORT, BIRTHDAY",13,УЗ-3,.pdf
ПДнDataset/share/Прочее/Poryadok_2017_2.pdf,BIRTHDAY,9,УЗ-4,.pdf
ПДнDataset/share/Прочее/P1505.pdf,Нет,0,УЗ-4,.pdf
ПДнDataset/share/Прочее/Prikaz-1928_Application2-IC_codes.rtf,EMAIL,1,УЗ-4,.rtf
ПДнDataset/share/Прочее/Aula_Hispánica_osen_2019_rus.pdf,EMAIL,2,УЗ-4,.pdf
ПДнDataset/share/Прочее/google_terms_of_service_en_eu.pdf,"PASSPORT, EMAIL",5,УЗ-3,.pdf
ПДнDataset/share/Прочее/Informatsionnoe-pismo-Olimpiada-SFEDU-English-25.doc,Нет,0,УЗ-4,.doc
ПДнDataset/share/Прочее/Prog_stud_conf_Dec_es_2024_esp.pdf,Нет,0,УЗ-4,.pdf
ПДнDataset/share/Прочее/ОС_05.03.02.pdf,Нет,0,УЗ-4,.pdf
ПДнDataset/share/Прочее/П3498.pdf,Нет,0,УЗ-4,.pdf
ПДнDataset/share/Прочее/Свидетельство 40.03.01.pdf,Нет,0,УЗ-4,.pdf
ПДнDataset/share/Прочее/5-05-20_US-59_27.12.2024.pdf,BIRTHDAY,144,УЗ-4,.pdf
ПДнDataset/share/Прочее/2.3.5.pdf,Нет,0,УЗ-4,.pdf
ПДнDataset/share/Прочее/%D0%9F373-%D0%9E%D0%94%20%D0%A0%D0%B5%D0%B3%D0%B8%D0%BE%D0%BD%D0%B0%D0%BB%D1%8C%D0%BD%D1%8B%D0%B9%20%D0%A6%D0%B5%D0%BD%D1%82%D1%80%20%D0%BA%D0%BE%D0%BC%D0%BF%D0%B5%D1%82%D0%B5%D0%BD%D1%86%D0%B8%D0%B9.pdf,Нет,0,УЗ-4,.pdf
ПДнDataset/share/Прочее/Декларация Махачкала.xls,Нет,0,УЗ-4,.xls
ПДнDataset/share/Прочее/STEM.pdf,Нет,0,УЗ-4,.pdf
ПДнDataset/share/Прочее/Otchet_nauka_2016.pdf,BIRTHDAY,40,УЗ-4,.pdf
ПДнDataset/share/Прочее/p318-od-2014.pdf,Нет,0,УЗ-4,.pdf
ПДнDataset/share/Прочее/pr.pdf,Нет,0,УЗ-4,.pdf
ПДнDataset/share/Прочее/1_Fundamentals_of_agricultural_and_environmental_biotechnology.pdf,EMAIL,1,УЗ-4,.pdf
ПДнDataset/share/Прочее/Prikaz 18033_24.12.2015.pdf,Нет,0,УЗ-4,.pdf
ПДнDataset/share/Прочее/35.pdf,Нет,0,УЗ-4,.pdf
ПДнDataset/share/Прочее/5.9.6_rom.pdf,Нет,0,УЗ-4,.pdf
ПДнDataset/share/Прочее/070304_B_3_29062017.pdf,Нет,0,УЗ-4,.pdf
ПДнDataset/share/Прочее/45.04.01_komm.pdf,Нет,0,УЗ-4,.pdf
ПДнDataset/share/Прочее/polozhenie_o_thesis_2024.pdf,BIRTHDAY,2,УЗ-4,.pdf
ПДнDataset/share/Прочее/44.03.02_ОС_Псих.пед.обр._compressed.pdf,Нет,0,УЗ-4,.pdf
ПДнDataset/share/Прочее/27_03_01.pdf,Нет,0,УЗ-4,.pdf
ПДнDataset/share/Прочее/Analitika_Raing_2020-2018_compressed.pdf,BIRTHDAY,9,УЗ-4,.pdf
ПДнDataset/share/Прочее/pril8.2Licen_29.01.16.pdf,Нет,0,УЗ-4,.pdf
ПДнDataset/share/Прочее/020302_B_3_06012018.pdf,Нет,0,УЗ-4,.pdf
ПДнDataset/share/Прочее/Prot4_17.07.2025.pdf,"SNILS, BIRTHDAY",127,УЗ-3,.pdf
ПДнDataset/share/Прочее/20240411_171533.pdf,Нет,0,УЗ-4,.pdf
ПДнDataset/share/Прочее/resh_minobr_10111998.pdf,Нет,0,УЗ-4,.pdf
ПДнDataset/share/Прочее/%D0%A0384.pdf,BIRTHDAY,1,УЗ-4,.pdf
ПДнDataset/share/Прочее/План создания МИП.pdf,BIRTHDAY,2,УЗ-4,.pdf
ПДнDataset/share/Прочее/Donnews-Mediakit.pdf,Нет,0,УЗ-4,.pdf
ПДнDataset/share/Прочее/obsh.pdf,BIRTHDAY,1,УЗ-4,.pdf
ПДнDataset/share/Прочее/патентов и ПЭВМ - ЮФУ.pdf,"PASSPORT, BIRTHDAY",1533,УЗ-3,.pdf
ПДнDataset/share/Прочее/П114-ОД.pdf,Нет,0,УЗ-4,.pdf
ПДнDataset/share/Прочее/П89-ОД.pdf,Нет,0,УЗ-4,.pdf
ПДнDataset/share/Прочее/20240411_171553_compressed_compressed (1).pdf,Нет,0,УЗ-4,.pdf
ПДнDataset/share/Прочее/phd-admission-january.pdf,Нет,0,УЗ-4,.pdf
ПДнDataset/share/Прочее/polozhenie_ob_institute_nauk_o_zemle.pdf,Нет,0,УЗ-4,.pdf
ПДнDataset/share/Прочее/гост 2008.pdf,Нет,0,УЗ-4,.pdf
ПДнDataset/share/Прочее/44.04.01_inkl.pdf,Нет,0,УЗ-4,.pdf
ПДнDataset/share/Прочее/%D0%9F%D1%80%D0%B8%D0%BA%D0%B0%D0%B7%20%D0%BE%20%D0%B2%D0%BE%D0%B7%D0%BE%D0%B1%D0%BD%D0%BE%D0%B2%D0%BB%D0%B5%D0%BD%D0%B8%D0%B8%20%D1%80%D0%B0%D0%B1%D0%BE%D1%82%D1%8B%20%D0%94%D0%A1%20%D0%94%20999.154.03.pdf,Нет,0,УЗ-4,.pdf
ПДнDataset/share/Прочее/img\pdf\research\List of Patent Status_01.04.2024.pdf,EMAIL,2,УЗ-4,.pdf
ПДнDataset/share/Прочее/П1372 54.05.04 Скульптура.pdf,Нет,0,УЗ-4,.pdf
ПДнDataset/share/Прочее/Паспорта доступности_1.pdf,Нет,0,УЗ-4,.pdf
ПДнDataset/share/Прочее/Свидетельство ПОА 16.03.01.pdf,Нет,0,УЗ-4,.pdf
ПДнDataset/share/Прочее/524.pdf,Нет,0,УЗ-4,.pdf
ПДнDataset/share/Прочее/51n.pdf,BIRTHDAY,6,УЗ-4,.pdf
ПДнDataset/share/Прочее/Prikaz 734 01.06.2016.pdf,Нет,0,УЗ-4,.pdf
ПДнDataset/share/Прочее/21_03_02.pdf,Нет,0,УЗ-4,.pdf
ПДнDataset/share/Прочее/sved_o_d_f_u_2014.docx,Нет,0,УЗ-4,.docx
ПДнDataset/share/Прочее/rating_izmentniya_2022.pdf,BIRTHDAY,9,УЗ-4,.pdf
ПДнDataset/share/Прочее/Prikaz-428.pdf,EMAIL,1,УЗ-4,.pdf
ПДнDataset/share/Прочее/bio.pdf,Нет,0,УЗ-4,.pdf
ПДнDataset/share/Прочее/Procurement%20in%20Focus.pdf,Нет,0,УЗ-4,.pdf
ПДнDataset/share/Прочее/emir-frandt-request-for-proposal.pdf,EMAIL,3,УЗ-4,.pdf
ПДнDataset/share/Прочее/ist_soc_rab.pdf,Нет,0,УЗ-4,.pdf
ПДнDataset/share/Прочее/Порядок проведения.docx,"BIRTHDAY, EMAIL",2,УЗ-4,.docx
ПДнDataset/share/Прочее/12_03_04.pdf,Нет,0,УЗ-4,.pdf
ПДнDataset/share/Прочее/osob_prava.pdf,Нет,0,УЗ-4,.pdf
ПДнDataset/share/Прочее/p103od2016.pdf,Нет,0,УЗ-4,.pdf
ПДнDataset/share/Прочее/Prikaz-1846_Application1-Report.rtf,EMAIL,1,УЗ-4,.rtf
ПДнDataset/share/Прочее/KA07_07.tif,Нет,0,УЗ-4,.tif
ПДнDataset/share/Прочее/TsKP_Yuzhny_tsentr_sovremennoy_spektroskopii_Babeshko.pdf,Нет,0,УЗ-4,.pdf
ПДнDataset/share/Прочее/%D0%98%D0%BD%D1%81%D1%82%D1%80%D1%83%D0%BA%D1%86%D0%B8%D1%8F_%D0%93%D0%BE%D1%81%D1%83%D1%81%D0%BB%D1%83%D0%B3%D0%B8.pdf,Нет,0,УЗ-4,.pdf
ПДнDataset/share/Прочее/44.04.03_ОС_Спец.(деф.)обр_compressed.pdf,Нет,0,УЗ-4,.pdf
ПДнDataset/share/Прочее/%D0%9F1631_%D0%9E%D0%9F%20%D0%B8%20%D0%BF%D1%80%D0%BE%D0%B3%D1%80%D0%B0%D0%BC%D0%BC%D0%B0%20%D0%B2%D0%BE%D1%81%D0%BF%D0%B8%D1%82%D0%B0%D0%BD%D0%B8%D1%8F.pdf,BIRTHDAY,3,УЗ-4,.pdf
ПДнDataset/share/Прочее/П-199_20_02_2019.pdf,Нет,0,УЗ-4,.pdf
ПДнDataset/share/Прочее/JMS_YM_Call_for_papers.pdf,Нет,0,УЗ-4,.pdf
ПДнDataset/share/Прочее/Prilojenie_Gel.pdf,Нет,0,УЗ-4,.pdf
ПДнDataset/share/Прочее/Prikaz 183-ОД.pdf,Нет,0,УЗ-4,.pdf
ПДнDataset/share/Прочее/pfhd_2024_01.pdf,"PASSPORT, PHONE, BIRTHDAY",4,УЗ-3,.pdf
ПДнDataset/share/Прочее/10.05.05 Безопасность инф. технологий в правоохранительной сфере.pdf,Нет,0,УЗ-4,.pdf
ПДнDataset/share/Прочее/dog_pril1.pdf,Нет,0,УЗ-4,.pdf
ПДнDataset/share/Прочее/prikaz 31 ot 17.01.2022.pdf,Нет,0,УЗ-4,.pdf
ПДнDataset/share/Прочее/П327_26.02.2025.pdf,Нет,0,УЗ-4,.pdf
ПДнDataset/share/Прочее/118.pdf,Нет,0,УЗ-4,.pdf
ПДнDataset/share/Прочее/quartile_define.pdf,BIRTHDAY,9,УЗ-4,.pdf
ПДнDataset/share/Прочее/Pr671_04.04.2024.pdf,Нет,0,УЗ-4,.pdf
ПДнDataset/share/Прочее/П70-ОД_37.03.01 Психология.pdf,Нет,0,УЗ-4,.pdf
ПДнDataset/share/Прочее/120305_B_3_02112017.pdf,Нет,0,УЗ-4,.pdf
ПДнDataset/share/Прочее/KD_SPA_2023.pdf,"PHONE, BIRTHDAY, EMAIL",7,УЗ-4,.pdf
ПДнDataset/share/Прочее/P38-OD_NIIMVS.pdf,Нет,0,УЗ-4,.pdf
ПДнDataset/share/Прочее/polzovatelskoe-soglashenie.pdf,Нет,0,УЗ-4,.pdf
ПДнDataset/share/Прочее/BCom_Brochure.pdf,EMAIL,1,УЗ-4,.pdf
ПДнDataset/share/Прочее/100_bak.docx,Нет,0,УЗ-4,.docx
ПДнDataset/share/Прочее/ub-mapa.pdf,Нет,0,УЗ-4,.pdf
ПДнDataset/share/Прочее/Prikaz-789.pdf,EMAIL,1,УЗ-4,.pdf
ПДнDataset/share/Прочее/Course%20syllabus%20sample_Ecology%20of%20the%20city.pdf,EMAIL,1,УЗ-4,.pdf
ПДнDataset/share/Прочее/2.3.1.pdf,Нет,0,УЗ-4,.pdf
ПДнDataset/share/Прочее/pravila-vnutrennego-trudovogo-rasporyadka-bgtu.pdf,BIRTHDAY,4,УЗ-4,.pdf
ПДнDataset/share/Прочее/obrab_inf.pdf,Нет,0,УЗ-4,.pdf
ПДнDataset/share/Прочее/pril3_5.pdf,Нет,0,УЗ-4,.pdf
ПДнDataset/share/Прочее/5.8.2.pdf,Нет,0,УЗ-4,.pdf
ПДнDataset/share/Прочее/P89-OD.pdf,Нет,0,УЗ-4,.pdf
ПДнDataset/share/Прочее/1.2.1.pdf,Нет,0,УЗ-4,.pdf
ПДнDataset/share/Прочее/Aula_Hispánica_osen_2017.doc,Нет,0,УЗ-4,.doc
ПДнDataset/share/Прочее/010303_B_3_08022018.pdf,Нет,0,УЗ-4,.pdf
ПДнDataset/share/Прочее/inostr.pdf,Нет,0,УЗ-4,.pdf
ПДнDataset/share/Прочее/ОС_05.03.06.pdf,Нет,0,УЗ-4,.pdf
ПДнDataset/share/Прочее/090303_B_3_17102017.pdf,Нет,0,УЗ-4,.pdf
ПДнDataset/share/Прочее/Telephone_Directory1.pdf,"PASSPORT, EMAIL",76,УЗ-3,.pdf
ПДнDataset/share/Прочее/11.04.04_Электроника и наноэлектроника_П210-ОД_ПИШ.pdf,Нет,0,УЗ-4,.pdf
ПДнDataset/share/Прочее/Anexos_stud_conf_2021_ru.doc,Нет,0,УЗ-4,.doc
ПДнDataset/share/Прочее/П229-ОД 10.05.02.pdf,Нет,0,УЗ-4,.pdf
ПДнDataset/share/Прочее/Spisok_citiruemosti_NII_Phys.docx,Нет,0,УЗ-4,.docx
ПДнDataset/share/Прочее/Rasporiagenie-1266-p.pdf,EMAIL,1,УЗ-4,.pdf
ПДнDataset/share/Прочее/%D0%A0%D0%90%D0%A1_95-%D1%80%20%D0%9F%D1%80%D0%B5%D1%81%D1%82%D0%B8%D0%B6%20%D1%80%D0%B0%D0%B1%D0%BE%D1%82%D0%BE%D0%B4%D0%B0%D1%82%D0%B5%D0%BB%D0%B5%D0%B9.pdf,Нет,0,УЗ-4,.pdf
ПДнDataset/share/Прочее/5.8.3.pdf,Нет,0,УЗ-4,.pdf
ПДнDataset/share/Прочее/FZ 273.rtf,BIRTHDAY,69,УЗ-4,.rtf
ПДнDataset/share/Прочее/Course%20syllabus%20ASPT%20methods.pdf,EMAIL,1,УЗ-4,.pdf
ПДнDataset/share/Прочее/Prikaz_458.pdf,Нет,0,УЗ-4,.pdf
ПДнDataset/share/Прочее/110403_M_3_13102017.pdf,Нет,0,УЗ-4,.pdf
ПДнDataset/share/Прочее/pol_INEP.pdf,Нет,0,УЗ-4,.pdf
ПДнDataset/share/Прочее/1202003270029.pdf,Нет,0,УЗ-4,.pdf
ПДнDataset/share/Прочее/100401_M_3_19022021.pdf,Нет,0,УЗ-4,.pdf
ПДнDataset/share/Прочее/%D0%94%D0%BB%D1%8F%20%D1%81%D0%B0%D0%B9%D1%82%D0%B0%20%D0%A1%D1%80%D0%B5%D0%B4%D0%BD%D0%B8%D0%B9%20%D0%B1%D0%B0%D0%BB%D0%BB%20%D0%B8%20%D0%95%D0%93%D0%AD%202021_22.pdf,Нет,0,УЗ-4,.pdf
ПДнDataset/share/Прочее/compress_pdf.pdf,BIRTHDAY,9,УЗ-4,.pdf
ПДнDataset/share/Прочее/01.04.02 Прикладная математика и информатика.pdf,Нет,0,УЗ-4,.pdf
ПДнDataset/share/Прочее/progr_otvis_2025.pdf,Нет,0,УЗ-4,.pdf
ПДнDataset/share/Прочее/StS6_pobediteli.pdf,Нет,0,УЗ-4,.pdf
ПДнDataset/share/Прочее/metod_r.pdf,"PHONE, BIRTHDAY, EMAIL",34,УЗ-4,.pdf
ПДнDataset/share/Прочее/salons-utc-2025-2026.pdf,Нет,0,УЗ-4,.pdf
ПДнDataset/share/Прочее/Реестровая выписка_29.05.29025.pdf,"PASSPORT, BIRTHDAY",4,УЗ-3,.pdf
ПДнDataset/share/Прочее/2181_documentos_del_esp.pdf,Нет,0,УЗ-4,.pdf
ПДнDataset/share/Прочее/44.04.01_innov.pdf,Нет,0,УЗ-4,.pdf
ПДнDataset/share/Прочее/UGC-Public-Self-Disclosure-document.pdf,"PASSPORT, EMAIL",20,УЗ-3,.pdf
ПДнDataset/share/Прочее/sved_o_d_n_2015.xls,Нет,0,УЗ-4,.xls
ПДнDataset/share/Прочее/P42-OD_NIIFOH.pdf,Нет,0,УЗ-4,.pdf
ПДнDataset/share/Прочее/u_konsor.doc,Нет,0,УЗ-4,.doc
ПДнDataset/share/Прочее/P319-OD_IFSPN.pdf,Нет,0,УЗ-4,.pdf
ПДнDataset/share/Прочее/Thesis_kruglii_stol.pdf,Нет,0,УЗ-4,.pdf
ПДнDataset/share/Прочее/Kleyner_seminar-info.pdf,EMAIL,1,УЗ-4,.pdf
ПДнDataset/share/Прочее/TsKP_Prikladnaya_elektrodinamika_i_antennye_izmerenia_Babeshko.pdf,Нет,0,УЗ-4,.pdf
ПДнDataset/share/Прочее/BCA_brochure_2025.pdf,EMAIL,1,УЗ-4,.pdf
ПДнDataset/share/Прочее/polozhenie-po-okazaniyu-situaczionnoj-pomoshhi-invalidam.pdf,Нет,0,УЗ-4,.pdf
ПДнDataset/share/Прочее/П1103.pdf,Нет,0,УЗ-4,.pdf
ПДнDataset/share/Прочее/zayavlenie_kursi_2019.docx,BIRTHDAY,1,УЗ-4,.docx
ПДнDataset/share/Прочее/rasp722-p_20140430.pdf,PHONE,1,УЗ-4,.pdf
ПДнDataset/share/Прочее/ukaz597_20120507.pdf,Нет,0,УЗ-4,.pdf
ПДнDataset/share/Прочее/bpt_2025.pdf,EMAIL,1,УЗ-4,.pdf
ПДнDataset/share/Прочее/pril8.pdf,Нет,0,УЗ-4,.pdf
ПДнDataset/share/Прочее/1C_University_publications-instruction.pdf,EMAIL,1,УЗ-4,.pdf
ПДнDataset/share/Прочее/РАСП-647.pdf,Нет,0,УЗ-4,.pdf
ПДнDataset/share/Прочее/П947 о подготовке НПК в аспирантуре иностранные граждане.pdf,Нет,0,УЗ-4,.pdf
ПДнDataset/share/Прочее/100505_C_3_24122020.pdf,Нет,0,УЗ-4,.pdf
ПДнDataset/share/Прочее/28.04.01_r.pdf,Нет,0,УЗ-4,.pdf
ПДнDataset/share/Прочее/mag_lk_2025.pdf,Нет,0,УЗ-4,.pdf
ПДнDataset/share/Прочее/Area%20studies%20and%20tourist%20destinations.pdf,"PASSPORT, PHONE, EMAIL",4,УЗ-3,.pdf
ПДнDataset/share/Прочее/П1373 07.04.01 Архитектура.pdf,Нет,0,УЗ-4,.pdf
ПДнDataset/share/Прочее/5.12.1.pdf,Нет,0,УЗ-4,.pdf
ПДнDataset/share/Прочее/010501_C_3_12022018.pdf,Нет,0,УЗ-4,.pdf
ПДнDataset/share/Прочее/Лицей ЮФУ_ПОЛОЖЕНИЕ о ВД.pdf,BIRTHDAY,7,УЗ-4,.pdf
ПДнDataset/share/Прочее/Decree-502.pdf,EMAIL,1,УЗ-4,.pdf
ПДнDataset/share/Прочее/rating_izmentniya_2023.pdf,BIRTHDAY,9,УЗ-4,.pdf
ПДнDataset/share/Прочее/46.04.01.pdf,BIRTHDAY,1,УЗ-4,.pdf
ПДнDataset/share/Прочее/Prikaz 1778.pdf,Нет,0,УЗ-4,.pdf
ПДнDataset/share/Прочее/poriadok_otbora.pdf,Нет,0,УЗ-4,.pdf
ПДнDataset/share/Прочее/П760 Подготовительное отделение Подфак.pdf,Нет,0,УЗ-4,.pdf
ПДнDataset/share/Прочее/rating_izmentniya_2021.pdf,BIRTHDAY,9,УЗ-4,.pdf
ПДнDataset/share/Прочее/sved_o_d_f_v_2014.doc,Нет,0,УЗ-4,.doc
ПДнDataset/share/Прочее/Binder1.pdf,Нет,0,УЗ-4,.pdf
ПДнDataset/share/Прочее/2.5.4.pdf,PASSPORT,1,УЗ-3,.pdf
ПДнDataset/share/Прочее/П222-ОД 07.03.02.pdf,Нет,0,УЗ-4,.pdf
ПДнDataset/share/Прочее/%D0%A0386.%20%D0%A7%D0%B5%D0%BB%D0%BE%D0%B2%D0%B5%D0%BA%20%D0%B2%20%D0%BC%D0%B8%D1%80%D0%B5%20%D0%98%D0%98.pdf,Нет,0,УЗ-4,.pdf
ПДнDataset/share/Прочее/DGTU-conference-programm.rtf,EMAIL,1,УЗ-4,.rtf
ПДнDataset/share/Прочее/523.pdf,Нет,0,УЗ-4,.pdf
ПДнDataset/share/Прочее/f1m24swvehna3obtnn9xofw2bff4emsq.pdf,BIRTHDAY,1,УЗ-4,.pdf
ПДнDataset/share/Прочее/МН-3_3150 Для сайта.pdf,Нет,0,УЗ-4,.pdf
ПДнDataset/share/Прочее/BGP.pdf,EMAIL,1,УЗ-4,.pdf
ПДнDataset/share/Прочее/Сведения о доходах ректора ФГАОУ ВО ЮФУ 2020.xls,Нет,0,УЗ-4,.xls
ПДнDataset/share/Прочее/28.03.02_Наноинженерия_П210-ОД_ПИШ.pdf,Нет,0,УЗ-4,.pdf
ПДнDataset/share/Прочее/о назначении ио ректора Шевченко ИК 2025.pdf,Нет,0,УЗ-4,.pdf
ПДнDataset/share/Прочее/ОС_12.04.04.pdf,Нет,0,УЗ-4,.pdf
ПДнDataset/share/Прочее/VSOCH_2025.pdf,Нет,0,УЗ-4,.pdf
ПДнDataset/share/Прочее/44.03.04_ОС_Проф.обуч.(по отр)_compressed.pdf,Нет,0,УЗ-4,.pdf
ПДнDataset/share/Прочее/DSUStatuteswef02-11-2020.pdf,Нет,0,УЗ-4,.pdf
ПДнDataset/share/Прочее/П56-ОД_30.03.2021.pdf,Нет,0,УЗ-4,.pdf
ПДнDataset/share/Прочее/%D0%AE%D0%A4%D0%A3+%20%D0%A0%D0%A1%D0%92%20%D1%81%D0%BE%D0%B3%D0%BB%D0%B0%D1%88%D0%B5%D0%BD%D0%B8%D0%B5%20%20N01-19-49%20%D0%BE%D1%82%2009.04.2021.pdf,Нет,0,УЗ-4,.pdf
ПДнDataset/share/Прочее/ModernSoftware_oral_exam.pdf,Нет,0,УЗ-4,.pdf
ПДнDataset/share/Прочее/Prikaz-363-OD.pdf,EMAIL,1,УЗ-4,.pdf
ПДнDataset/share/Прочее/5.10.1.pdf,BIRTHDAY,1,УЗ-4,.pdf
ПДнDataset/share/Прочее/ОС_03.03.02.pdf,Нет,0,УЗ-4,.pdf
ПДнDataset/share/Прочее/Согласие законного представителя.docx,BIRTHDAY,2,УЗ-4,.docx
ПДнDataset/share/Прочее/Building_innovation_Vitoshko.pdf,"PHONE, EMAIL",2,УЗ-4,.pdf
ПДнDataset/share/Прочее/view,Нет,0,УЗ-4,
ПДнDataset/share/Прочее/spisok_shablon.docx,Нет,0,УЗ-4,.docx
ПДнDataset/share/Прочее/Folleto_cursos_ruso1.pdf,EMAIL,5,УЗ-4,.pdf
ПДнDataset/share/Прочее/5.2.4_org.pdf,BIRTHDAY,17,УЗ-4,.pdf
ПДнDataset/share/Прочее/2025.pdf,EMAIL,2,УЗ-4,.pdf
ПДнDataset/share/Прочее/Изм в устав 2020 с отметкой налоговой.pdf,Нет,0,УЗ-4,.pdf
ПДнDataset/share/Прочее/%D0%A0545_0.pdf,Нет,0,УЗ-4,.pdf
ПДнDataset/share/Прочее/24.11.2020 - форма заявления на участие в конкурсе.docx,EMAIL,1,УЗ-4,.docx
ПДнDataset/share/Прочее/odtu-kampus-haritasi.pdf,Нет,0,УЗ-4,.pdf
ПДнDataset/share/Прочее/rasp167H_20130426.pdf,BIRTHDAY,3,УЗ-4,.pdf
ПДнDataset/share/Прочее/sved_o_d_n_2017.xls,Нет,0,УЗ-4,.xls
ПДнDataset/share/Прочее/standing order about Scientific research institute  of Physics.pdf,Нет,0,УЗ-4,.pdf
ПДнDataset/share/Прочее/20230412_103613_page-0001.pdf,BIRTHDAY,2,УЗ-4,.pdf
ПДнDataset/share/Прочее/pfhd_2024_02.pdf,"PASSPORT, PHONE, BIRTHDAY",4,УЗ-3,.pdf
ПДнDataset/share/Прочее/Structural_division_Report_Form.rtf,EMAIL,1,УЗ-4,.rtf
ПДнDataset/share/Прочее/Temp_03022025.pdf,Нет,0,УЗ-4,.pdf
ПДнDataset/share/Прочее/П1075.pdf,Нет,0,УЗ-4,.pdf
ПДнDataset/share/Прочее/meteorolog.pdf,Нет,0,УЗ-4,.pdf
ПДнDataset/share/Прочее/P1098.pdf,Нет,0,УЗ-4,.pdf
ПДнDataset/share/Прочее/soglasie-form.pdf,Нет,0,УЗ-4,.pdf
ПДнDataset/share/Прочее/VAK_letter_01-02_111.pdf,Нет,0,УЗ-4,.pdf
ПДнDataset/share/Прочее/apell.pdf,Нет,0,УЗ-4,.pdf
ПДнDataset/share/Прочее/П220-ОД 07.04.03.pdf,Нет,0,УЗ-4,.pdf
ПДнDataset/share/Прочее/5.8.1.pdf,Нет,0,УЗ-4,.pdf
ПДнDataset/share/Прочее/П215-ОД.pdf,Нет,0,УЗ-4,.pdf
ПДнDataset/share/Прочее/28.04.01_Нанотехнологии и микросистемная техника_П210-ОД_ПИШ.pdf,Нет,0,УЗ-4,.pdf
ПДнDataset/share/Прочее/Global%20research%20trends%20in%20branches%20of%20sociology.docx,Нет,0,УЗ-4,.docx
ПДнDataset/share/Прочее/П1299_03.06.2025.pdf,Нет,0,УЗ-4,.pdf
ПДнDataset/share/Прочее/1.2.2.pdf,Нет,0,УЗ-4,.pdf
ПДнDataset/share/Прочее/04.04.01.pdf,Нет,0,УЗ-4,.pdf
ПДнDataset/share/Прочее/notification-high-court.pdf,Нет,0,УЗ-4,.pdf
ПДнDataset/share/Прочее/Protokol N2 26.05.21.pdf,Нет,0,УЗ-4,.pdf
ПДнDataset/share/Прочее/_%D1%83%D1%87%D0%B0%D1%81%D1%82%D0%B8%D0%B5%20%D0%B2%20%D0%9F%D0%98%D0%A0%20%D0%B3%D0%BE%D1%81%D0%BA%D0%BE%D0%BC%D0%BF%D0%B0%D0%BD%D0%B8%D0%B9.doc,Нет,0,УЗ-4,.doc
ПДнDataset/share/Прочее/ped_nach.pdf,Нет,0,УЗ-4,.pdf
ПДнDataset/share/Прочее/3 сентября EduNet.pdf,"PHONE, BIRTHDAY, EMAIL",4,УЗ-4,.pdf
ПДнDataset/share/Прочее/27.04.04_ Управление в технических системах_П210-ОД_ПИШ.pdf,Нет,0,УЗ-4,.pdf
ПДнDataset/share/Прочее/P95-OD_o_fakultete.pdf,Нет,0,УЗ-4,.pdf
ПДнDataset/share/Прочее/010403_M_3_13022018.pdf,Нет,0,УЗ-4,.pdf
ПДнDataset/share/Прочее/РАС_495-Р индексация ВО граждан РФ.pdf,Нет,0,УЗ-4,.pdf
ПДнDataset/share/Прочее/44.04.01_issled.pdf,Нет,0,УЗ-4,.pdf
ПДнDataset/share/Прочее/KCP_mag_2025.pdf,Нет,0,УЗ-4,.pdf
ПДнDataset/share/Прочее/AIC-DSU_CONTENT.pdf,EMAIL,1,УЗ-4,.pdf
ПДнDataset/share/Прочее/ОС_05.03.04.pdf,Нет,0,УЗ-4,.pdf
ПДнDataset/share/Прочее/Protokol N1 06.04.22.pdf,Нет,0,УЗ-4,.pdf
ПДнDataset/share/Прочее/%D0%91%D1%83%D1%85%D0%B3%D0%B0%D0%BB%D1%82%D0%B5%D1%80.pdf,Нет,0,УЗ-4,.pdf
ПДнDataset/share/Прочее/Свидетельство 51.04.01.pdf,Нет,0,УЗ-4,.pdf
ПДнDataset/share/Прочее/Highlights 18.pdf,EMAIL,16,УЗ-4,.pdf
ПДнDataset/share/Прочее/070402_M_3_03072017.pdf,Нет,0,УЗ-4,.pdf
ПДнDataset/share/Прочее/ichki_tartib_qoidalar_2024.pdf,Нет,0,УЗ-4,.pdf
ПДнDataset/share/Прочее/mat_mod.pdf,Нет,0,УЗ-4,.pdf
ПДнDataset/share/Прочее/П277-ОД_01.11.2024.pdf,Нет,0,УЗ-4,.pdf
ПДнDataset/share/Прочее/Flyer-Central%20Research%20Facilities_11zon.pdf,Нет,0,УЗ-4,.pdf
ПДнDataset/share/Прочее/KCP_bs_2025.pdf,Нет,0,УЗ-4,.pdf
ПДнDataset/share/Прочее/%D0%A0%D0%90%D0%A1_303-%D1%80.pdf,BIRTHDAY,3,УЗ-4,.pdf
ПДнDataset/share/Прочее/МН-3 3083 от 29.03.22 Для сайта.pdf,Нет,0,УЗ-4,.pdf
ПДнDataset/share/Прочее/products.json,Нет,0,УЗ-4,.json
ПДнDataset/share/Прочее/prikaz_12n_ot_26.07.2018.pdf,Нет,0,УЗ-4,.pdf
ПДнDataset/share/Прочее/050302_B_3_23082020.pdf,Нет,0,УЗ-4,.pdf
ПДнDataset/share/Прочее/International%20transport%20law.pdf,"PASSPORT, EMAIL",3,УЗ-3,.pdf
ПДнDataset/share/Прочее/Пользовательское_соглашение_объясняем_рф.pdf,Нет,0,УЗ-4,.pdf
ПДнDataset/share/Прочее/66n.pdf,BIRTHDAY,16,УЗ-4,.pdf
ПДнDataset/share/Прочее/sved_o_d_f_m_2014.docx,Нет,0,УЗ-4,.docx
ПДнDataset/share/Прочее/П247.pdf,"PASSPORT, BIRTHDAY",10,УЗ-3,.pdf
ПДнDataset/share/Прочее/П1074.pdf,Нет,0,УЗ-4,.pdf
ПДнDataset/share/Прочее/П1100 подготовка НПК в аспирантуре граджан РФ.pdf,Нет,0,УЗ-4,.pdf
ПДнDataset/share/Прочее/dog_pril3.pdf,Нет,0,УЗ-4,.pdf
ПДнDataset/share/Прочее/mechanical_engg_2025.pdf,EMAIL,1,УЗ-4,.pdf
ПДнDataset/share/Прочее/Entrepreneurship%20in%20Hospitality.pdf,EMAIL,1,УЗ-4,.pdf
ПДнDataset/share/Прочее/AI-SANA_2603.pdf,Нет,0,УЗ-4,.pdf
ПДнDataset/share/Прочее/40.04.01 Юриспруденция.pdf,Нет,0,УЗ-4,.pdf
ПДнDataset/share/Прочее/П1115_16.05.2025.pdf,Нет,0,УЗ-4,.pdf
ПДнDataset/share/Прочее/APS.docx,EMAIL,1,УЗ-4,.docx
ПДнDataset/share/Прочее/P_6_OD_ABiB.pdf,Нет,0,УЗ-4,.pdf
ПДнDataset/share/Прочее/ОС_03.03.03.pdf,Нет,0,УЗ-4,.pdf
ПДнDataset/share/Прочее/П1131 СПО граждане РФ и соотечественники.pdf,Нет,0,УЗ-4,.pdf
ПДнDataset/share/Прочее/Special%20sections%20of%20physical%20materials%20science.pdf,Нет,0,УЗ-4,.pdf
ПДнDataset/share/Прочее/umn_gor.pdf,Нет,0,УЗ-4,.pdf
ПДнDataset/share/Прочее/dsu-symposium-2024.pdf,EMAIL,1,УЗ-4,.pdf
ПДнDataset/share/Прочее/anatom_fiziolog.pdf,Нет,0,УЗ-4,.pdf
ПДнDataset/share/Прочее/П792_17.04.24.pdf,Нет,0,УЗ-4,.pdf
ПДнDataset/share/Прочее/Webinar-info.pdf,EMAIL,1,УЗ-4,.pdf
ПДнDataset/share/Прочее/P428-OD stading order about ITA.pdf,Нет,0,УЗ-4,.pdf
ПДнDataset/share/Прочее/П1352 О стоимости в 2022_23гг 2х и последующих курсов.pdf,Нет,0,УЗ-4,.pdf
ПДнDataset/share/Прочее/Свидетельство 45.04.01.pdf,Нет,0,УЗ-4,.pdf
ПДнDataset/share/Прочее/522.pdf,EMAIL,1,УЗ-4,.pdf
ПДнDataset/share/Прочее/Prof.communication.pdf,EMAIL,1,УЗ-4,.pdf
ПДнDataset/share/Прочее/osn_zh.pdf,Нет,0,УЗ-4,.pdf
ПДнDataset/share/Прочее/P902.pdf,Нет,0,УЗ-4,.pdf
ПДнDataset/share/Прочее/100_bak_Urmosh.docx,Нет,0,УЗ-4,.docx
ПДнDataset/share/Прочее/%D0%A0%D0%B0%D0%B7%D0%BC%D0%B5%D1%89%D0%B5%D0%BD%D0%B8%D0%B5%20%D1%80%D0%B5%D1%81%D1%83%D1%80%D1%81%D0%BE%D0%B2%20%D0%B2%20%D0%97%D0%9D%D0%91%20%D0%AE%D0%A4%D0%A3%20(%D0%B0%20%D1%82%D0%B0%D0%BA%D0%B6%D0%B5%20%D0%B2%20%D0%A0%D0%98%D0%9D%D0%A6).pdf,"PHONE, EMAIL",4,УЗ-4,.pdf
ПДнDataset/share/Прочее/P658-OD-standing_order_about_ICTIS.pdf,Нет,0,УЗ-4,.pdf
ПДнDataset/share/Прочее/Приказ ЮФУ от 04.06.2021 N 115-ОД.pdf,Нет,0,УЗ-4,.pdf
ПДнDataset/share/Прочее/Protokol N3 2022.pdf,"PHONE, EMAIL",4,УЗ-4,.pdf
ПДнDataset/share/Прочее/Otchet%202016.pdf,"PHONE, BIRTHDAY, EMAIL",104,УЗ-4,.pdf
ПДнDataset/share/Прочее/Ghidul_Studentului_2023.pdf,"BIRTHDAY, EMAIL",4,УЗ-4,.pdf
ПДнDataset/share/Прочее/_Universal Application Form 2018.doc,Нет,0,УЗ-4,.doc
ПДнDataset/share/Прочее/090403_M_3_12102017.pdf,Нет,0,УЗ-4,.pdf
ПДнDataset/share/Прочее/letter1.pdf,Нет,0,УЗ-4,.pdf
ПДнDataset/share/Прочее/5.7.8.pdf,BIRTHDAY,1,УЗ-4,.pdf
ПДнDataset/share/Прочее/П140-ОД_Изменения ОПК_28.03.2025.pdf,Нет,0,УЗ-4,.pdf
ПДнDataset/share/Прочее/ingak_description.pdf,"BIRTHDAY, EMAIL",3,УЗ-4,.pdf
ПДнDataset/share/Прочее/Свидетельство 42.04.02.pdf,Нет,0,УЗ-4,.pdf
ПДнDataset/share/Прочее/41.04.01.pdf,Нет,0,УЗ-4,.pdf
ПДнDataset/share/Прочее/GenerationS-info.rtf,EMAIL,1,УЗ-4,.rtf
ПДнDataset/share/Прочее/Aula%20Hispanica_plano_rus_2016-po-mayo.pdf,EMAIL,2,УЗ-4,.pdf
ПДнDataset/share/Прочее/П502 Аспир.pdf,Нет,0,УЗ-4,.pdf
ПДнDataset/share/Прочее/Planes_Aula_Hispánica_2017_rus_vesna.doc,Нет,0,УЗ-4,.doc
ПДнDataset/share/Прочее/Azov_conf-requirements.rtf,EMAIL,1,УЗ-4,.rtf
ПДнDataset/share/Прочее/rasp2190-p_20121126.pdf,Нет,0,УЗ-4,.pdf
ПДнDataset/share/Прочее/Bid_Magistracy.rtf,EMAIL,1,УЗ-4,.rtf
ПДнDataset/share/Прочее/pravila_priema_v_bakalavriat_spetsialitet_bazov_vo_magistraturu_spets_vo_na_2025-26.pdf,"BIRTHDAY, EMAIL",12,УЗ-4,.pdf
ПДнDataset/share/Прочее/protokol_17.pdf,Нет,0,УЗ-4,.pdf
ПДнDataset/share/Прочее/Structure_20190114.pdf,Нет,0,УЗ-4,.pdf
ПДнDataset/share/Прочее/2024-1.pdf,Нет,0,УЗ-4,.pdf
ПДнDataset/share/Прочее/030403_M_3_22082020.pdf,Нет,0,УЗ-4,.pdf
ПДнDataset/share/Прочее/dog_pril15.pdf,Нет,0,УЗ-4,.pdf
ПДнDataset/share/Прочее/2015-06-er464.pdf,Нет,0,УЗ-4,.pdf
ПДнDataset/share/Прочее/IT-1-L01_Introduction.pdf,Нет,0,УЗ-4,.pdf
ПДнDataset/share/Прочее/РАС_494-Р индексация Иностранных обучающихся.pdf,Нет,0,УЗ-4,.pdf
ПДнDataset/share/Прочее/6b588aa921ec0008657cb728cfce508d.pdf,Нет,0,УЗ-4,.pdf
ПДнDataset/share/Прочее/KD_014_rus.pdf,BIRTHDAY,2,УЗ-4,.pdf
ПДнDataset/share/Прочее/П168-ОД_10.04.2025.pdf,Нет,0,УЗ-4,.pdf
ПДнDataset/share/Прочее/yetkinlik-ve-performans.pdf,Нет,0,УЗ-4,.pdf
ПДнDataset/share/Прочее/Свидетельство 38.04.02.pdf,Нет,0,УЗ-4,.pdf
ПДнDataset/share/Прочее/ОС_11.05.02.pdf,Нет,0,УЗ-4,.pdf
ПДнDataset/share/Прочее/110302_B_3_17102017.pdf,Нет,0,УЗ-4,.pdf
ПДнDataset/share/Прочее/pravila_priema2024.pdf,Нет,0,УЗ-4,.pdf
ПДнDataset/share/Прочее/П171-ОД.pdf,Нет,0,УЗ-4,.pdf
ПДнDataset/share/Прочее/Protokol.pdf,Нет,0,УЗ-4,.pdf
ПДнDataset/share/Прочее/sved_o_d_f_g_2014.docx,Нет,0,УЗ-4,.docx
ПДнDataset/share/Прочее/Politika-PDN.pdf,BIRTHDAY,2,УЗ-4,.pdf
ПДнDataset/share/Прочее/11.04.04.pdf,Нет,0,УЗ-4,.pdf
ПДнDataset/share/Прочее/ped_d.pdf,Нет,0,УЗ-4,.pdf
ПДнDataset/share/Прочее/kreativ_kom.pdf,Нет,0,УЗ-4,.pdf
ПДнDataset/share/Прочее/prikaz 32 ot 17.01.2022.pdf,Нет,0,УЗ-4,.pdf
ПДнDataset/share/Прочее/Poryadok_platn_uslug_25.10.13.pdf,Нет,0,УЗ-4,.pdf
ПДнDataset/share/Прочее/THOMSON_REUTERS-info.pdf,EMAIL,1,УЗ-4,.pdf
ПДнDataset/share/Прочее/6.pdf,EMAIL,1,УЗ-4,.pdf
ПДнDataset/share/Прочее/mpharma_2025.pdf,EMAIL,1,УЗ-4,.pdf
ПДнDataset/share/Прочее/UGC-Form-Appendices.pdf,Нет,0,УЗ-4,.pdf
ПДнDataset/share/Прочее/сайт_Наука_Микросистемная техника и интегральная сенсорика.pdf,EMAIL,3,УЗ-4,.pdf
ПДнDataset/share/Прочее/MCA_brochure_2025.pdf,EMAIL,1,УЗ-4,.pdf
ПДнDataset/share/Прочее/%D0%A0%D0%90%D0%A1_1635-%D0%A0%20%D0%98%D1%82%D0%BE%D0%B3%D0%B8%20%D0%B3%D0%BE%D0%B4%D0%B0%20%D0%B2%20%D0%A2%D0%BE%D1%87%D0%BA%D0%B5%20%D0%BA%D0%B8%D0%BF%D0%B5%D0%BD%D0%B8%D1%8F%20%D0%AE%D0%A4%D0%A3.pdf,Нет,0,УЗ-4,.pdf
ПДнDataset/share/Прочее/03.04.03.pdf,Нет,0,УЗ-4,.pdf
ПДнDataset/share/Прочее/Ð Ð¾ÑÑÐ¾Ð²-Ð½Ð°-ÐÐ¾Ð½Ñ.pdf,Нет,0,УЗ-4,.pdf
ПДнDataset/share/Прочее/Prikaz-876_Magistracy.pdf,EMAIL,1,УЗ-4,.pdf
ПДнDataset/share/Прочее/4a2be25626609e594edc147261ef747d.pdf,Нет,0,УЗ-4,.pdf
ПДнDataset/share/Прочее/%D0%A0%D0%90%D0%A1_1338-%D0%A0%20%D0%9A%D1%80%20%D1%81%D1%82%D0%BE%D0%BB%20%D0%94%D0%9D%D0%9A.pdf,Нет,0,УЗ-4,.pdf
ПДнDataset/share/Прочее/4580600_A_Handbook_on_Basics_of_Cyber_Hygiene.pdf,Нет,0,УЗ-4,.pdf
ПДнDataset/share/Прочее/Свидетельство ПОА 27.04.04.pdf,Нет,0,УЗ-4,.pdf
ПДнDataset/share/Прочее/p13-od-2015.pdf,Нет,0,УЗ-4,.pdf
ПДнDataset/share/Прочее/11.04.02_Инфокоммуникационные технологии и системы связи_П210-ОД_ПИШ.pdf,Нет,0,УЗ-4,.pdf
ПДнDataset/share/Прочее/00175-Seguimiento-al-Programa-Anual-de-Disposicion-Final-de-Bienes-Muebles-no-utiles-2024.pdf,Нет,0,УЗ-4,.pdf
ПДнDataset/share/Прочее/progr_anatomy_2025.pdf,Нет,0,УЗ-4,.pdf
ПДнDataset/share/Прочее/Prikaz-1845.pdf,EMAIL,1,УЗ-4,.pdf
ПДнDataset/share/Прочее/110404_M_3_11102017.pdf,Нет,0,УЗ-4,.pdf
ПДнDataset/share/Прочее/П173-ОД_26.04.2013.pdf,Нет,0,УЗ-4,.pdf
ПДнDataset/share/Прочее/П1589.pdf,Нет,0,УЗ-4,.pdf
ПДнDataset/share/Прочее/Перечень документов.docx,"PHONE, EMAIL",3,УЗ-4,.docx
ПДнDataset/share/Прочее/Заявление.docx,Нет,0,УЗ-4,.docx
ПДнDataset/share/Прочее/Competitions_list-2017_16.08-info.pdf,EMAIL,1,УЗ-4,.pdf
ПДнDataset/share/Прочее/Protokol_2.pdf,Нет,0,УЗ-4,.pdf
ПДнDataset/share/Прочее/03.04.02.pdf,Нет,0,УЗ-4,.pdf
ПДнDataset/share/Прочее/%D0%9F144.pdf,Нет,0,УЗ-4,.pdf
ПДнDataset/share/Прочее/prikaz_N_1022_ot_21.11.2018_.pdf,BIRTHDAY,14,УЗ-4,.pdf
ПДнDataset/share/Прочее/aerospace_engg_2025.pdf,EMAIL,1,УЗ-4,.pdf
ПДнDataset/share/Прочее/v.pdf,Нет,0,УЗ-4,.pdf
ПДнDataset/share/Прочее/П1117_16.05.2025.pdf,Нет,0,УЗ-4,.pdf
ПДнDataset/share/Прочее/Course%20syllabus_Logical%20Argumentation%20and%20Critical%20Thinking_2022.pdf,EMAIL,1,УЗ-4,.pdf
ПДнDataset/share/Прочее/44.04.01_ОС_ПО_compressed.pdf,Нет,0,УЗ-4,.pdf
ПДнDataset/share/Прочее/27.04.03 Системный анализ и управление.pdf,Нет,0,УЗ-4,.pdf
ПДнDataset/share/Прочее/otbor_k.pdf,"PASSPORT, PHONE, EMAIL",183,УЗ-3,.pdf
ПДнDataset/share/Прочее/режим%20работы%20и%20прейскурант-.pdf,Нет,0,УЗ-4,.pdf
ПДнDataset/share/Прочее/IQACcell.pdf,"PASSPORT, EMAIL",20,УЗ-3,.pdf
ПДнDataset/share/Прочее/pravila_priema2025.pdf,Нет,0,УЗ-4,.pdf
ПДнDataset/share/Прочее/44.04.01_spanish.pdf,Нет,0,УЗ-4,.pdf
ПДнDataset/share/Прочее/Prikaz 578.pdf,Нет,0,УЗ-4,.pdf
ПДнDataset/share/Прочее/Свидетельство ПОА 12.04.04.pdf,Нет,0,УЗ-4,.pdf
ПДнDataset/share/Прочее/Свидетельство 38.04.03.pdf,Нет,0,УЗ-4,.pdf
ПДнDataset/share/Прочее/p2914_26.12.2024.pdf,Нет,0,УЗ-4,.pdf
ПДнDataset/share/Прочее/VUZUFO.doc,Нет,0,УЗ-4,.doc
ПДнDataset/share/Прочее/%D0%9F%D0%A4%D0%A5%D0%94%202022%20%20%20%D0%B8%D1%81%D1%85%D0%BE%D0%B4%D0%BD%D1%8B%D0%B9%20%D1%81%20%D0%BE%D1%82%D1%82%D0%B8%D1%81%D0%BA%D0%BE%D0%BC.pdf,"PASSPORT, PHONE, BIRTHDAY",4,УЗ-3,.pdf
ПДнDataset/share/Прочее/pravila_priema_SPO_2025.pdf,Нет,0,УЗ-4,.pdf
ПДнDataset/share/Прочее/P24.pdf,BIRTHDAY,9,УЗ-4,.pdf
ПДнDataset/share/Прочее/П167-ОД 37.04.01_0.pdf,Нет,0,УЗ-4,.pdf
ПДнDataset/share/Прочее/plan_r_kons.doc,Нет,0,УЗ-4,.doc
ПДнDataset/share/Прочее/Russian_Cultural_Studies.pdf,Нет,0,УЗ-4,.pdf
ПДнDataset/share/Прочее/Course%20Syllabus%20(Vocational%20Training%20Technologies).pdf,EMAIL,1,УЗ-4,.pdf
ПДнDataset/share/Прочее/17437679069420.pdf,Нет,0,УЗ-4,.pdf
ПДнDataset/share/Прочее/IDP.pdf,Нет,0,УЗ-4,.pdf
ПДнDataset/share/Прочее/pril4.3Licen_29.01.16.pdf,Нет,0,УЗ-4,.pdf
ПДнDataset/share/Прочее/Competitions_RFFI_list-2018_04.12-info.pdf,EMAIL,1,УЗ-4,.pdf
ПДнDataset/share/Прочее/hud_of.pdf,Нет,0,УЗ-4,.pdf
ПДнDataset/share/Прочее/%D0%A0%D0%90%D0%A1_152-%D1%80.pdf,Нет,0,УЗ-4,.pdf
ПДнDataset/share/Прочее/Свидетельство ПОА 21.04.02.pdf,Нет,0,УЗ-4,.pdf
ПДнDataset/share/Прочее/osn_el.pdf,Нет,0,УЗ-4,.pdf
ПДнDataset/share/Прочее/rffi_competitions_list-2018_13.02-info.pdf,EMAIL,1,УЗ-4,.pdf
ПДнDataset/share/Прочее/38.04.08.pdf,BIRTHDAY,3,УЗ-4,.pdf
ПДнDataset/share/Прочее/Prikaz-1845_Application2-Act.rtf,EMAIL,1,УЗ-4,.rtf
ПДнDataset/share/Прочее/П1674_10.07.2025.pdf,Нет,0,УЗ-4,.pdf
ПДнDataset/share/Прочее/П197-ОД 09.03.04.pdf,Нет,0,УЗ-4,.pdf
ПДнDataset/share/Прочее/osn_fin.pdf,Нет,0,УЗ-4,.pdf
ПДнDataset/share/Прочее/Приказ МОН от 05.08.2021 N 715 - Порядок проведения конкурса НР.pdf,Нет,0,УЗ-4,.pdf
ПДнDataset/share/Прочее/Prilojenie_1_7.pdf,Нет,0,УЗ-4,.pdf
ПДнDataset/share/Прочее/scientific%20journal.doc,Нет,0,УЗ-4,.doc
ПДнDataset/share/Прочее/rasp_prezRF.pdf,Нет,0,УЗ-4,.pdf
ПДнDataset/share/Прочее/Свидетельство 37.05.01.pdf,Нет,0,УЗ-4,.pdf
ПДнDataset/share/Прочее/p294-od-2016.pdf,Нет,0,УЗ-4,.pdf
ПДнDataset/share/Прочее/%D0%98%D0%BD%D1%81%D1%82%D1%80%D1%83%D0%BA%D1%86%D0%B8%D1%8F_%D0%9C%D0%A4%D0%A6.pdf,PHONE,3,УЗ-4,.pdf
ПДнDataset/share/Прочее/Prilojenie_1_5.pdf,Нет,0,УЗ-4,.pdf
ПДнDataset/share/Прочее/google_terms_of_service_nl_eu.pdf,"PASSPORT, EMAIL",5,УЗ-3,.pdf
ПДнDataset/share/Прочее/Prikaz-1845_Application1-Report.rtf,EMAIL,1,УЗ-4,.rtf
ПДнDataset/share/Прочее/السيرة الذاتية د. صبحي شرف عميد الكلية 13-3 - Copy.pdf,PASSPORT,1,УЗ-3,.pdf
ПДнDataset/share/Прочее/edu_directory_pd_partner_list.pdf,Нет,0,УЗ-4,.pdf
ПДнDataset/share/Прочее/Prikaz 82-ОД.pdf,Нет,0,УЗ-4,.pdf
ПДнDataset/share/Прочее/41.04.02.pdf,Нет,0,УЗ-4,.pdf
ПДнDataset/share/Прочее/bio_ino.pdf,Нет,0,УЗ-4,.pdf
ПДнDataset/share/Прочее/Informatsionnoe-pismo_2024.pdf,"BIRTHDAY, EMAIL",2,УЗ-4,.pdf
ПДнDataset/share/Прочее/1.3.7.pdf,Нет,0,УЗ-4,.pdf
ПДнDataset/share/Прочее/%D0%A0%D0%90%D0%A1_143-%D1%80.pdf,BIRTHDAY,1,УЗ-4,.pdf
ПДнDataset/share/Прочее/program.pdf,Нет,0,УЗ-4,.pdf
ПДнDataset/share/Прочее/poriadok_rasheta_10_05_2016.pdf,BIRTHDAY,9,УЗ-4,.pdf
ПДнDataset/share/Прочее/tehn_int.pdf,BIRTHDAY,3,УЗ-4,.pdf
ПДнDataset/share/Прочее/Prilogenie_Structural_division-report_form.rtf,EMAIL,1,УЗ-4,.rtf
ПДнDataset/share/Прочее/5.8.pdf,BIRTHDAY,2,УЗ-4,.pdf
ПДнDataset/share/Прочее/П1371 54.04.01 Дизайн.pdf,Нет,0,УЗ-4,.pdf
ПДнDataset/share/Прочее/PDFsam_Расписание-ИГА-2025-1.pdf,Нет,0,УЗ-4,.pdf
ПДнDataset/share/Прочее/ПРАВИЛА%20ПОСЕЩЕНИЯ%20ООПТ%20ФЕДЕРАЛЬНОГО%20ЗНАЧЕНИЯ%20(2).pdf,BIRTHDAY,3,УЗ-4,.pdf
ПДнDataset/share/Прочее/%D0%9F%D0%A4%D0%A5%D0%94%202022%20%20%20%D0%B8%D0%B7%D0%BC%2002%20%D1%81%20%D0%BE%D1%82%D1%82%D0%B8%D1%81%D0%BA%D0%BE%D0%BC.pdf,"PASSPORT, PHONE, BIRTHDAY",4,УЗ-3,.pdf
ПДнDataset/share/Прочее/nats.pdf,Нет,0,УЗ-4,.pdf
ПДнDataset/share/Прочее/Prikaz П1196.pdf,Нет,0,УЗ-4,.pdf
ПДнDataset/share/Прочее/Instr_test_2024.pdf,"PHONE, EMAIL",2,УЗ-4,.pdf
ПДнDataset/share/Прочее/Kratkaja_instrukcija_auditora.pdf,BIRTHDAY,9,УЗ-4,.pdf
ПДнDataset/share/Прочее/RFFI-04.02.2021.pdf,EMAIL,1,УЗ-4,.pdf
ПДнDataset/share/Прочее/P56-OD.pdf,Нет,0,УЗ-4,.pdf
ПДнDataset/share/Прочее/Свидетельство 38.04.01.pdf,Нет,0,УЗ-4,.pdf
ПДнDataset/share/Прочее/03-5-01-005.pdf,"PASSPORT, BIRTHDAY",2,УЗ-3,.pdf
ПДнDataset/share/Прочее/TsKP_Biotekhnologia_biomeditsina_i_ekologicheskiy_monitoring_Babeshko.pdf,"PHONE, EMAIL",2,УЗ-4,.pdf
ПДнDataset/share/Прочее/ОС_11.05.01.pdf,Нет,0,УЗ-4,.pdf
ПДнDataset/share/Прочее/transport_inform_list_2016.doc,Нет,0,УЗ-4,.doc
ПДнDataset/share/Прочее/00860-PRONTUARIO_Difusion_Digital.pdf,Нет,0,УЗ-4,.pdf
ПДнDataset/share/Прочее/Protoko n2 ot 2.11.21.pdf,Нет,0,УЗ-4,.pdf
ПДнDataset/share/Прочее/%D0%92%D0%B5%D0%B4%D1%83%D1%89%D0%B8%D0%B9%20%D0%B1%D1%83%D1%85%D0%B3%D0%B0%D0%BB%D1%82%D0%B5%D1%80%20(%D1%83%D1%87%D0%B0%D1%81%D1%82%D0%BE%D0%BA%20%D0%9D%D0%94%D0%A1).pdf,Нет,0,УЗ-4,.pdf
ПДнDataset/share/Прочее/gl_VI_P120-OD_reglament_PK.pdf,BIRTHDAY,1,УЗ-4,.pdf
ПДнDataset/share/Прочее/Program_Priority_directions.pdf,EMAIL,1,УЗ-4,.pdf
ПДнDataset/share/Прочее/10.03.01 Информационная безопасность.pdf,Нет,0,УЗ-4,.pdf
ПДнDataset/share/Прочее/%D0%9F385-%D0%9E%D0%94.pdf,Нет,0,УЗ-4,.pdf
ПДнDataset/share/Прочее/45.04.01_tpimk.pdf,Нет,0,УЗ-4,.pdf
ПДнDataset/share/Прочее/Prikaz 339-OD 29.09.2015.pdf,Нет,0,УЗ-4,.pdf
ПДнDataset/share/Прочее/NIR_report-info.pdf,EMAIL,1,УЗ-4,.pdf
ПДнDataset/share/Прочее/П1118_16.05.2025.pdf,Нет,0,УЗ-4,.pdf
ПДнDataset/share/Прочее/it_resh.pdf,BIRTHDAY,1,УЗ-4,.pdf
ПДнDataset/share/Прочее/Water%20quality%20management%20ReshetnyakOS%202022.docx,Нет,0,УЗ-4,.docx
ПДнDataset/share/Прочее/Prot1_17.10.2024.pdf,"SNILS, BIRTHDAY",219,УЗ-3,.pdf
ПДнDataset/share/Прочее/РАС601-р_02.06.2025.pdf,Нет,0,УЗ-4,.pdf
ПДнDataset/share/Прочее/P39-OD.pdf,Нет,0,УЗ-4,.pdf
ПДнDataset/share/Прочее/Protokol_0.pdf,"PHONE, EMAIL",2,УЗ-4,.pdf
ПДнDataset/share/Прочее/040301_B_3_09082017.pdf,Нет,0,УЗ-4,.pdf
ПДнDataset/share/Прочее/П190-ОД.pdf,Нет,0,УЗ-4,.pdf
ПДнDataset/share/Прочее/2181_del_esp.pdf,Нет,0,УЗ-4,.pdf
ПДнDataset/share/Прочее/%D0%A0%D0%90%D0%A1_127-%D1%80%20%D0%90%D1%81%D1%81%D0%BE%D1%86%D0%B8%D0%B0%D1%86%D0%B8%D1%8F.pdf,Нет,0,УЗ-4,.pdf
ПДнDataset/share/Прочее/МН-3_6780 Для сайта.pdf,Нет,0,УЗ-4,.pdf
ПДнDataset/share/Прочее/Свидетельство ПОА 27.04.06.pdf,Нет,0,УЗ-4,.pdf
ПДнDataset/share/Прочее/prikaz_33n_ot_29.08.2018.pdf,Нет,0,УЗ-4,.pdf
ПДнDataset/share/Прочее/П60-ОД_дополнение в ОС.pdf,Нет,0,УЗ-4,.pdf
ПДнDataset/share/Прочее/ist_arh.pdf,Нет,0,УЗ-4,.pdf
ПДнDataset/share/Прочее/Prikaz-1846.pdf,EMAIL,1,УЗ-4,.pdf
ПДнDataset/share/Прочее/Инструкция по работе с информационными ресурсами.doc,Нет,0,УЗ-4,.doc
ПДнDataset/share/Прочее/spec_him.pdf,Нет,0,УЗ-4,.pdf
ПДнDataset/share/Прочее/Protokol_1.pdf,"PHONE, EMAIL",2,УЗ-4,.pdf
ПДнDataset/share/Прочее/img\pdf\research\List of Research Projects_Govt._01.04.2024-1.pdf,EMAIL,2,УЗ-4,.pdf
ПДнDataset/share/Прочее/ИТОГОВОЕ ПОСТАНОВЛЕНИЕ РСР 04.06 (2).pdf,Нет,0,УЗ-4,.pdf
ПДнDataset/share/Прочее/П122-ОД_изменения в ОС_28.04.2023.pdf,BIRTHDAY,38,УЗ-4,.pdf
ПДнDataset/share/Прочее/П7-ОД_15.01.2015.pdf,BIRTHDAY,2,УЗ-4,.pdf
ПДнDataset/share/Прочее/Business%20in%20Tourism%20and%20Hospitality.pdf,EMAIL,1,УЗ-4,.pdf
ПДнDataset/share/Прочее/10.05.03 Информационная безопасность автоматиз.систем.pdf,Нет,0,УЗ-4,.pdf
ПДнDataset/share/Прочее/42.pdf,"BIRTHDAY, EMAIL",10,УЗ-4,.pdf
ПДнDataset/share/Прочее/Protokol_3_30.05.2023.pdf,Нет,0,УЗ-4,.pdf
ПДнDataset/share/Прочее/bpharma_2025.pdf,EMAIL,1,УЗ-4,.pdf
ПДнDataset/share/Прочее/Rasporiagenie-1092-p_publications.xls,Нет,0,УЗ-4,.xls
ПДнDataset/share/Прочее/P2244.pdf,BIRTHDAY,9,УЗ-4,.pdf
ПДнDataset/share/Прочее/Letter_approval_the_Order_458.pdf,Нет,0,УЗ-4,.pdf
ПДнDataset/share/Прочее/%D0%9F%D0%A4%D0%A5%D0%94%202022%20%20%20%D0%B8%D0%B7%D0%BC%2001%20%D1%81%20%D0%BE%D1%82%D1%82%D0%B8%D1%81%D0%BA%D0%BE%D0%BC.pdf,"PASSPORT, PHONE, BIRTHDAY",4,УЗ-3,.pdf
ПДнDataset/share/Прочее/Oil%20Pollution%20and%20Self-Cleaning%20Course%20syllabus_0.docx,Нет,0,УЗ-4,.docx
ПДнDataset/share/Прочее/DSU_Main_Campus_Programs_2025.pdf,EMAIL,1,УЗ-4,.pdf
ПДнDataset/share/Прочее/П231-ОД_Академический отпуск_04.07.2025.pdf,Нет,0,УЗ-4,.pdf
ПДнDataset/share/Прочее/pr8_19042013.pdf,Нет,0,УЗ-4,.pdf
ПДнDataset/share/Прочее/obsh_e.pdf,Нет,0,УЗ-4,.pdf
ПДнDataset/share/Прочее/%D0%9F%D0%90%D0%9C%D0%AF%D0%A2%D0%9A%D0%90%20%D0%B4%D0%BB%D1%8F%20%D0%BF%D1%80%D0%B8%D0%B5%D0%B7%D0%B6%D0%B0%D1%8E%D1%89%D0%B8%D1%85%202025.pdf,"PHONE, BIRTHDAY, EMAIL",10,УЗ-4,.pdf
ПДнDataset/share/Прочее/Свидетельство 41.03.01.pdf,Нет,0,УЗ-4,.pdf
ПДнDataset/share/Прочее/040501_C_3_08082017.pdf,Нет,0,УЗ-4,.pdf
ПДнDataset/share/Прочее/upr_pr.pdf,Нет,0,УЗ-4,.pdf
ПДнDataset/share/Прочее/%D0%98%D0%90_%D0%9E%D1%82%D1%87%D0%B5%D1%82_%D0%A1%D0%9E%D0%A3%D0%A2_14.05.2024_%D1%81%D0%B6%D0%B0%D1%82%D1%8B%D0%B9.pdf,Нет,0,УЗ-4,.pdf
ПДнDataset/share/Прочее/Instr_test_2025.pdf,Нет,0,УЗ-4,.pdf
ПДнDataset/share/Прочее/geo.pdf,Нет,0,УЗ-4,.pdf
ПДнDataset/share/Прочее/090301_B_3_12102017.pdf,Нет,0,УЗ-4,.pdf
ПДнDataset/share/Прочее/UGC-Proforma.pdf,"PASSPORT, BIRTHDAY, EMAIL",22,УЗ-3,.pdf
ПДнDataset/share/Прочее/KA13_01.tif,Нет,0,УЗ-4,.tif
ПДнDataset/share/Прочее/П258 о подготовке кандидатов наук граждан РФ.pdf,Нет,0,УЗ-4,.pdf
ПДнDataset/share/Прочее/dog_pril17.pdf,Нет,0,УЗ-4,.pdf
ПДнDataset/share/Прочее/confl25.pdf,"PHONE, EMAIL",4,УЗ-4,.pdf
ПДнDataset/share/Прочее/f985xk95uk352rnl7d2guv812ndifv14.pdf,Нет,0,УЗ-4,.pdf
ПДнDataset/share/Прочее/1.2.2_mat_mod.pdf,Нет,0,УЗ-4,.pdf
ПДнDataset/share/Прочее/2025Правила%20приёма%202025.26.pdf,BIRTHDAY,48,УЗ-4,.pdf
ПДнDataset/share/Прочее/182-%D0%9E%D0%94.pdf,Нет,0,УЗ-4,.pdf
ПДнDataset/share/Прочее/emir-frandt-disclosure.pdf,EMAIL,2,УЗ-4,.pdf
ПДнDataset/share/Прочее/Свидетельство 40.04.01_Уголовная юстиция.pdf,Нет,0,УЗ-4,.pdf
ПДнDataset/share/Прочее/200_bak_Urmosh.docx,Нет,0,УЗ-4,.docx
ПДнDataset/share/Прочее/R469_15.05.2024.pdf,Нет,0,УЗ-4,.pdf
ПДнDataset/share/Прочее/Prikaz 143.pdf,Нет,0,УЗ-4,.pdf
ПДнDataset/share/Прочее/agreement.pdf,EMAIL,1,УЗ-4,.pdf
ПДнDataset/share/Прочее/Master%20DS-1_merged.pdf,Нет,0,УЗ-4,.pdf
ПДнDataset/share/Прочее/Nanotechnologies.pdf,EMAIL,1,УЗ-4,.pdf
ПДнDataset/share/Прочее/%D0%A0%D0%90%D0%A1_842-%D1%80%20%D0%94%D0%BD%D0%B8%20%D0%BD%D0%B0%D1%83%D1%87%D0%BD%D0%BE%D0%B3%D0%BE%20%D0%90%D0%BA%D0%B8%D0%BD%D0%BE.pdf,Нет,0,УЗ-4,.pdf
ПДнDataset/share/Прочее/fis_podg_ino.pdf,BIRTHDAY,5,УЗ-4,.pdf
ПДнDataset/share/Прочее/Ecosystems.pdf,BIRTHDAY,2,УЗ-4,.pdf
ПДнDataset/share/Прочее/kol_vo_m.pdf,Нет,0,УЗ-4,.pdf
ПДнDataset/share/Прочее/osn_alg.pdf,Нет,0,УЗ-4,.pdf
ПДнDataset/share/Прочее/38.04.01_Economics.pdf,Нет,0,УЗ-4,.pdf
ПДнDataset/share/Прочее/Perechen_poruchenii.pdf,Нет,0,УЗ-4,.pdf
ПДнDataset/share/Прочее/p2683.pdf,Нет,0,УЗ-4,.pdf
ПДнDataset/share/Прочее/5.9.5.pdf,Нет,0,УЗ-4,.pdf
ПДнDataset/share/Прочее/pr5_25102012.pdf,BIRTHDAY,1,УЗ-4,.pdf
ПДнDataset/share/Прочее/2.2.2.pdf,Нет,0,УЗ-4,.pdf
ПДнDataset/share/Прочее/5fqhsxirzo8b3s7xsukssg8sbsz05b38.pdf,"BIRTHDAY, EMAIL",11,УЗ-4,.pdf
ПДнDataset/share/Прочее/Svedeniya o dohodah.xls,Нет,0,УЗ-4,.xls
ПДнDataset/share/Прочее/products.schema.json,Нет,0,УЗ-4,.json
ПДнDataset/share/Прочее/MSC_DS_2025.pdf,EMAIL,1,УЗ-4,.pdf
ПДнDataset/share/Прочее/Course%20syllabus_Religions%20%20.pdf,EMAIL,2,УЗ-4,.pdf
ПДнDataset/share/Прочее/5.9.1.pdf,Нет,0,УЗ-4,.pdf
ПДнDataset/share/Прочее/Ovsepyan%20Course%20syllabus.pdf,EMAIL,1,УЗ-4,.pdf
ПДнDataset/share/Прочее/П483 Докт.pdf,Нет,0,УЗ-4,.pdf
ПДнDataset/share/Прочее/Otchet_2014_rus.pdf,BIRTHDAY,4,УЗ-4,.pdf
ПДнDataset/share/Прочее/R565_04.06.2024.pdf,Нет,0,УЗ-4,.pdf
ПДнDataset/share/Прочее/7. Индексация П1323.pdf,Нет,0,УЗ-4,.pdf
ПДнDataset/share/Прочее/%D0%9F%D1%80%D0%BE%D0%B3%D1%80%D0%B0%D0%BC%D0%BC%D0%B0_%D1%80%D0%B0%D0%B7%D0%B2%D0%B8%D1%82%D0%B8%D1%8F_%D0%BA%D0%BB%D0%B0%D1%81%D1%82%D0%B5%D1%80%D0%B0_%D0%B4%D0%BE_2020%D0%B3.pdf,Нет,0,УЗ-4,.pdf
ПДнDataset/share/Прочее/rid_registration_procedure-presentation.pdf,EMAIL,1,УЗ-4,.pdf
ПДнDataset/share/Прочее/P130_31012020.pdf,Нет,0,УЗ-4,.pdf
ПДнDataset/share/Прочее/dog_pril13.pdf,Нет,0,УЗ-4,.pdf
ПДнDataset/share/Прочее/upr_kiber.pdf,Нет,0,УЗ-4,.pdf
ПДнDataset/share/Прочее/pamyatka.pdf,"PHONE, EMAIL",3,УЗ-4,.pdf
ПДнDataset/share/Прочее/mc201109.pdf,"BIRTHDAY, EMAIL",39,УЗ-4,.pdf
ПДнDataset/share/Прочее/Raport_comisia_etica.pdf,BIRTHDAY,23,УЗ-4,.pdf
ПДнDataset/share/Прочее/Environmental%20problems%20and%20environmental%20pollution%20.docx,Нет,0,УЗ-4,.docx
ПДнDataset/share/Прочее/CartaInformativaCongreso2025_ru.pdf,"PHONE, EMAIL",3,УЗ-4,.pdf
ПДнDataset/share/Прочее/Свидетельство 38.04.04.pdf,Нет,0,УЗ-4,.pdf
ПДнDataset/share/Прочее/P285-OD_24_10_2017_0.pdf,Нет,0,УЗ-4,.pdf
ПДнDataset/share/Прочее/2_IntelligentComputerTechnology.pdf,EMAIL,1,УЗ-4,.pdf
ПДнDataset/share/Прочее/Свидетельство 06.04.01.pdf,Нет,0,УЗ-4,.pdf
ПДнDataset/share/Прочее/accreditation.pdf,"PASSPORT, BIRTHDAY",4,УЗ-3,.pdf
ПДнDataset/share/Прочее/himiya_ino.pdf,Нет,0,УЗ-4,.pdf
ПДнDataset/share/Прочее/П159-ОД_08.07.2024.pdf,Нет,0,УЗ-4,.pdf
ПДнDataset/share/Прочее/komm_d.pdf,Нет,0,УЗ-4,.pdf
ПДнDataset/share/Прочее/П72-ОД_37.05.01_Клиническая психология.pdf,Нет,0,УЗ-4,.pdf
ПДнDataset/share/Прочее/11.04.02.pdf,Нет,0,УЗ-4,.pdf
ПДнDataset/share/Прочее/2190-4286-12-49.pdf,EMAIL,2,УЗ-4,.pdf
ПДнDataset/share/Прочее/070403_M_3_30062017.pdf,Нет,0,УЗ-4,.pdf
ПДнDataset/share/Прочее/HA06_10.tif,Нет,0,УЗ-4,.tif
ПДнDataset/share/Прочее/Call-for-papers_2024.pdf,EMAIL,1,УЗ-4,.pdf
ПДнDataset/share/Прочее/ОС_11.05.04.pdf,Нет,0,УЗ-4,.pdf
ПДнDataset/share/Прочее/44.04.02_ОС_Псих.пед.обр._compressed.pdf,Нет,0,УЗ-4,.pdf
ПДнDataset/share/Прочее/Course%20syllabus_Culture%20and%20Philosophy%20of%20Ancient%20Greece%20in%20Russian%20studies%20of%20Classics_2022.pdf,EMAIL,1,УЗ-4,.pdf
ПДнDataset/share/Прочее/prikaz 33 ot 17.01.2022.pdf,Нет,0,УЗ-4,.pdf
ПДнDataset/share/Прочее/Course%20syllabus%20sample%20(INTERNATIONAL%20STANDARDS%20FOR%20INTELLECTUAL%20-%20%D0%90%D1%80%D0%B7%D1%83%D0%BC%D0%B0%D0%BD%D1%8F%D0%BD)%20%E2%80%94%20%D0%BA%D0%BE%D0%BF%D0%B8%D1%8F.pdf,EMAIL,1,УЗ-4,.pdf
ПДнDataset/share/Прочее/П1040 об индексации в 2021.pdf,Нет,0,УЗ-4,.pdf
ПДнDataset/share/Прочее/Prikaz-16124.pdf,EMAIL,1,УЗ-4,.pdf
ПДнDataset/share/Прочее/Postanovlenie Pravitelstva N 568.pdf,BIRTHDAY,17,УЗ-4,.pdf
ПДнDataset/share/Прочее/charte-erasmus-2021-27-signee.pdf,Нет,0,УЗ-4,.pdf
ПДнDataset/share/Прочее/RFFI_and_RGNF-reports2015.pdf,EMAIL,1,УЗ-4,.pdf
ПДнDataset/share/Прочее/geolog.pdf,Нет,0,УЗ-4,.pdf
ПДнDataset/share/Прочее/Декларация Учкекен 2016г.xls,Нет,0,УЗ-4,.xls
ПДнDataset/share/Прочее/%D0%A0%D0%90%D0%A1_146-%D1%80.pdf,EMAIL,1,УЗ-4,.pdf
ПДнDataset/share/Прочее/49.03.02.pdf,BIRTHDAY,2,УЗ-4,.pdf
ПДнDataset/share/Прочее/HiTech_Vitoshko.pdf,"PHONE, EMAIL",3,УЗ-4,.pdf
ПДнDataset/share/Прочее/Competitions_list-2017_28.08-info.pdf,EMAIL,1,УЗ-4,.pdf
ПДнDataset/share/Прочее/%D0%9F%D1%80%D0%B8%D0%BB%D0%BE%D0%B6%D0%B5%D0%BD%D0%B8%D0%B5%201.pdf,Нет,0,УЗ-4,.pdf
ПДнDataset/share/Прочее/Приказ ФСТЭК России от 30.10.2018 N 193.docx,BIRTHDAY,10,УЗ-4,.docx
ПДнDataset/share/Прочее/P70-OD_29.03.2024.pdf,Нет,0,УЗ-4,.pdf
ПДнDataset/share/Прочее/Свидетельство ПОА 27.04.03.pdf,Нет,0,УЗ-4,.pdf
ПДнDataset/share/Прочее/INFN_AI_Strategy_2024_aggiornato.pdf,Нет,0,УЗ-4,.pdf
ПДнDataset/share/Прочее/prikaz_N_675_ot_30.08.2018_.pdf,BIRTHDAY,26,УЗ-4,.pdf
ПДнDataset/share/Прочее/inf_teh.pdf,Нет,0,УЗ-4,.pdf
ПДнDataset/share/Прочее/politika-obrabotki-dannyh-tassru.docx,"BIRTHDAY, EMAIL",46,УЗ-4,.docx
ПДнDataset/share/Прочее/wipo-dstu_seminar-info.pdf,EMAIL,1,УЗ-4,.pdf
ПДнDataset/share/Прочее/090302_B_3_17102017.pdf,Нет,0,УЗ-4,.pdf
ПДнDataset/share/Прочее/spisok%20finalistov-1%20(1).docx,Нет,0,УЗ-4,.docx
ПДнDataset/share/Прочее/prikaz-2423.pdf,EMAIL,1,УЗ-4,.pdf
ПДнDataset/share/Прочее/010302_B_3_08022018.pdf,Нет,0,УЗ-4,.pdf
ПДнDataset/share/Прочее/PAC_968-P.pdf,EMAIL,1,УЗ-4,.pdf
ПДнDataset/share/Прочее/03.05.2024%20%20%D0%A0%D0%90%D0%A1_438-%D1%80-1_%205-%D0%BB%D0%B5%D1%82%D0%B8%D0%B5%20%D0%A2%D0%BE%D1%87%D0%BA%D0%B8%20%D0%BA%D0%B8%D0%BF%D0%B5%D0%BD%D0%B8%D1%8F%20%D0%AE%D0%A4%D0%A3.pdf,BIRTHDAY,2,УЗ-4,.pdf
ПДнDataset/share/Прочее/44.04.04_ОС_Проф.обуч.(по отр)_compressed.pdf,Нет,0,УЗ-4,.pdf
ПДнDataset/share/Прочее/Программа VIII  научного семинара Лаборатории экспериментальной лингвистики АГУ  Клиническая лингвистика.docx,PASSPORT,1,УЗ-3,.docx
ПДнDataset/share/Прочее/P1774.pdf,BIRTHDAY,9,УЗ-4,.pdf
ПДнDataset/share/Прочее/47.pdf,BIRTHDAY,1,УЗ-4,.pdf
ПДнDataset/share/Прочее/osn_soc_ped.pdf,BIRTHDAY,2,УЗ-4,.pdf
ПДнDataset/share/Прочее/44.04.01_rukov.pdf,Нет,0,УЗ-4,.pdf
ПДнDataset/share/Прочее/sved_o_d_f_n_2014.doc,Нет,0,УЗ-4,.doc
ПДнDataset/share/Прочее/progr_eop_2025.pdf,Нет,0,УЗ-4,.pdf
ПДнDataset/share/Прочее/47.04.01.pdf,Нет,0,УЗ-4,.pdf
ПДнDataset/share/Прочее/Nanoscale_substance_structure.pdf,Нет,0,УЗ-4,.pdf
ПДнDataset/share/Прочее/44.04.01_ped_nach.pdf,Нет,0,УЗ-4,.pdf
ПДнDataset/share/Прочее/105_order_Spanish_courses.pdf,"PHONE, EMAIL",8,УЗ-4,.pdf
ПДнDataset/share/Прочее/sved_vrio_r2019.xls,Нет,0,УЗ-4,.xls
ПДнDataset/share/Прочее/dopnabor-2023.pdf,"PHONE, EMAIL",8,УЗ-4,.pdf
ПДнDataset/share/Прочее/%D0%9F%D1%83%D0%B1%D0%BB%D0%B8%D1%87%D0%BD%D1%8B%D0%B9%20%D0%BE%D1%82%D1%87%D1%91%D1%82%202023.pdf,BIRTHDAY,1,УЗ-4,.pdf
ПДнDataset/share/Прочее/П10820.pdf,Нет,0,УЗ-4,.pdf
ПДнDataset/share/Прочее/P590.pdf,BIRTHDAY,9,УЗ-4,.pdf
ПДнDataset/share/Прочее/polojenie_IUES.pdf,Нет,0,УЗ-4,.pdf
ПДнDataset/share/Прочее/П257 о подготовке докторантов  иностранных граждан.pdf,Нет,0,УЗ-4,.pdf
ПДнDataset/share/Прочее/Integrated Marine Research Center.pdf,"PHONE, EMAIL",4,УЗ-4,.pdf
ПДнDataset/share/Прочее/KS07_07.tif,Нет,0,УЗ-4,.tif
ПДнDataset/share/Прочее/Trusted_AI_for_Blockchain.pdf,Нет,0,УЗ-4,.pdf
ПДнDataset/share/Прочее/P13-OD.pdf,Нет,0,УЗ-4,.pdf
ПДнDataset/share/Прочее/Poryadok_2018.pdf,BIRTHDAY,9,УЗ-4,.pdf
ПДнDataset/share/Прочее/%D0%9F186-%D0%9E%D0%94%2009.04.01.pdf,Нет,0,УЗ-4,.pdf
ПДнDataset/share/Прочее/Устав Российского Союза ректоров.pdf,Нет,0,УЗ-4,.pdf
ПДнDataset/share/Прочее/Course%20syllabus%20sample_Key%20Concepts%20in%20Urban%20and%20Cultural%20Studies.pdf,EMAIL,1,УЗ-4,.pdf
ПДнDataset/share/Прочее/Prikaz П1421.pdf,Нет,0,УЗ-4,.pdf
ПДнDataset/share/Прочее/Pril1_akkred_lyceum_29.05.17_0.pdf,Нет,0,УЗ-4,.pdf
ПДнDataset/share/Прочее/070301_B_3_29062017.pdf,Нет,0,УЗ-4,.pdf
ПДнDataset/share/Прочее/Public Self Disclosure.pdf,"PASSPORT, EMAIL",11,УЗ-3,.pdf
ПДнDataset/share/Прочее/П1438.pdf,BIRTHDAY,2,УЗ-4,.pdf
ПДнDataset/share/Прочее/VakB_11.07.2025.pdf,Нет,0,УЗ-4,.pdf
ПДнDataset/share/Прочее/%D0%A1%D0%BF%D1%80%D0%B0%D0%B2%D0%BA%D0%B0%20%D0%BE%20%D0%BD%D0%B0%D0%BB%D0%B8%D1%87%D0%B8%D0%B8%20%D1%81%D0%BF%D0%B5%D1%86%D0%B8%D0%B0%D0%BB%D1%8C%D0%BD%D1%8B%D1%85%20%D1%83%D1%81%D0%BB%D0%BE%D0%B2%D0%B8%D0%B9%20.pdf,Нет,0,УЗ-4,.pdf
ПДнDataset/share/Прочее/44.04.01_MELT.pdf,Нет,0,УЗ-4,.pdf
ПДнDataset/share/Прочее/mc201308.pdf,"PHONE, BIRTHDAY, EMAIL",43,УЗ-4,.pdf
ПДнDataset/share/Прочее/Pril_1.9.pdf,Нет,0,УЗ-4,.pdf
ПДнDataset/share/Прочее/mtech_2025.pdf,EMAIL,1,УЗ-4,.pdf
ПДнDataset/share/Прочее/ris.pdf,Нет,0,УЗ-4,.pdf
ПДнDataset/share/Прочее/saarbruecken_klickbar.pdf,Нет,0,УЗ-4,.pdf
ПДнDataset/share/Прочее/5.9.2.pdf,Нет,0,УЗ-4,.pdf
ПДнDataset/share/Прочее/President_Grants-2018-info.rtf,EMAIL,1,УЗ-4,.rtf
ПДнDataset/share/Прочее/41.04.04.pdf,Нет,0,УЗ-4,.pdf
ПДнDataset/share/Прочее/П226-ОД 09.03.03.pdf,Нет,0,УЗ-4,.pdf
ПДнDataset/share/Прочее/5776_28_95fdcc53bcbe0af1e40685a74fe55ce6.pdf,Нет,0,УЗ-4,.pdf
ПДнDataset/share/Прочее/KCP_asp_2025.pdf,Нет,0,УЗ-4,.pdf
ПДнDataset/share/Прочее/%D0%9F%D0%A4%D0%A5%D0%94%202023%20%20%20%D0%B8%D1%81%D1%85%D0%BE%D0%B4%D0%BD%D1%8B%D0%B9%20%D1%81%20%D0%BE%D1%82%D1%82%D0%B8%D1%81%D0%BA%D0%BE%D0%BC.pdf,"PASSPORT, PHONE, BIRTHDAY",6,УЗ-3,.pdf
ПДнDataset/share/Прочее/П1116_16.05.2025.pdf,Нет,0,УЗ-4,.pdf
ПДнDataset/share/Прочее/45.04.01_prof_komm.pdf,Нет,0,УЗ-4,.pdf
ПДнDataset/share/Прочее/Anti Ragging_UGC Websitehomepage.pdf,Нет,0,УЗ-4,.pdf
ПДнDataset/share/Прочее/AICTE_Mandatory_Disclosure_2024_25.pdf,"PASSPORT, PHONE, BIRTHDAY, EMAIL",173,УЗ-3,.pdf
ПДнDataset/share/Прочее/%D0%9F%D1%83%D0%B1%D0%BB%D0%B8%D1%87%D0%BD%D1%8B%D0%B9%20%D0%BE%D1%82%D1%87%D1%91%D1%82%202021.pdf,BIRTHDAY,8,УЗ-4,.pdf
ПДнDataset/share/Прочее/15.03.04_Автоматизация технологических процессов и производств_П210-ОД_ПИШ.pdf,Нет,0,УЗ-4,.pdf
ПДнDataset/share/Прочее/Свидетельство 06.04.02.pdf,Нет,0,УЗ-4,.pdf
ПДнDataset/share/Прочее/mpt_2025.pdf,EMAIL,1,УЗ-4,.pdf
ПДнDataset/share/Прочее/pol_irtsu.pdf,Нет,0,УЗ-4,.pdf
ПДнDataset/share/Прочее/%D0%A8%D0%B0%D0%B1%D0%BB%D0%BE%D0%BD-%D0%B7%D0%B0%D1%8F%D0%B2%D0%BB%D0%B5%D0%BD%D0%B8%D1%8F-%D0%BD%D0%B0-%D0%B2%D1%8B%D0%BF%D1%83%D1%81%D0%BA-%D0%BA%D0%B0%D1%80%D1%82%D1%8B.docx,Нет,0,УЗ-4,.docx
ПДнDataset/share/Прочее/П295-ОД_Платные образовательные услуги.pdf,Нет,0,УЗ-4,.pdf
ПДнDataset/share/Прочее/7l786rg9llt2odfq9u9zmrwunkk3k3q7.pdf,Нет,0,УЗ-4,.pdf
ПДнDataset/share/Прочее/П279 об объявлении конкурса.pdf,Нет,0,УЗ-4,.pdf
ПДнDataset/share/Прочее/11.04.01.pdf,Нет,0,УЗ-4,.pdf
ПДнDataset/share/Прочее/P1355_11.06.2024.pdf,Нет,0,УЗ-4,.pdf
ПДнDataset/share/Прочее/Согласие законного представителя на заключение договора.docx,Нет,0,УЗ-4,.docx
ПДнDataset/share/Прочее/Протокол N7 от 05 декабря 2023.pdf,Нет,0,УЗ-4,.pdf
ПДнDataset/share/Прочее/graf.pdf,Нет,0,УЗ-4,.pdf
ПДнDataset/share/Прочее/45.pdf,Нет,0,УЗ-4,.pdf
ПДнDataset/share/Прочее/prikaz_808.pdf,Нет,0,УЗ-4,.pdf
ПДнDataset/share/Прочее/vesna_fizfak.docx,Нет,0,УЗ-4,.docx
ПДнDataset/share/Прочее/P1676_16.07.2024.pdf,Нет,0,УЗ-4,.pdf
ПДнDataset/share/Прочее/D212-208-10_01-04-03_TimoshenkoPE_Synopsis.pdf,Нет,0,УЗ-4,.pdf
ПДнDataset/share/Прочее/QC3.pdf,"PASSPORT, EMAIL",4,УЗ-3,.pdf
ПДнDataset/share/Прочее/P2243.pdf,BIRTHDAY,9,УЗ-4,.pdf
ПДнDataset/share/Прочее/П1675_10.07.2025.pdf,Нет,0,УЗ-4,.pdf
ПДнDataset/share/Прочее/Prikaz-293-OD_Bachelor-Specialist.pdf,EMAIL,1,УЗ-4,.pdf
ПДнDataset/share/Прочее/ОС_02.03.02.pdf,Нет,0,УЗ-4,.pdf
ПДнDataset/share/Прочее/PP%20BSM%202025.pdf,BIRTHDAY,24,УЗ-4,.pdf
ПДнDataset/share/Прочее/02.03.03 Мат.обеспечение и админ. инф. систем.pdf,Нет,0,УЗ-4,.pdf
ПДнDataset/share/Прочее/5.9.6_ger.pdf,Нет,0,УЗ-4,.pdf
ПДнDataset/share/Прочее/010402_M_3_13022018.pdf,Нет,0,УЗ-4,.pdf
ПДнDataset/share/Прочее/ckp.pdf,Нет,0,УЗ-4,.pdf
ПДнDataset/share/Прочее/Свидетельство 47.03.01.pdf,Нет,0,УЗ-4,.pdf
ПДнDataset/share/Прочее/%D0%A0%D0%90%D0%A1_128-%D0%A0%20%D0%97%D0%B0%D0%BA%D1%80%D1%8B%D1%82%D0%B8%D0%B5%20%D0%A8%D0%9C%D0%91%203.0.pdf,Нет,0,УЗ-4,.pdf
ПДнDataset/share/Прочее/Letter_Pension_Fund_of_RF_on_RO.pdf,EMAIL,1,УЗ-4,.pdf
ПДнDataset/share/Прочее/prikaz_N_1010_1_ot_20.11.2018_.pdf,BIRTHDAY,22,УЗ-4,.pdf
ПДнDataset/share/Прочее/Приказ от 01.04.2025 2469-ок_compressed.pdf,Нет,0,УЗ-4,.pdf
ПДнDataset/share/Прочее/Реестровая выписка л_22.08.25.pdf,"PASSPORT, EMAIL",3,УЗ-3,.pdf
ПДнDataset/share/Прочее/Course%20syllabus%20Mathematical%20models%20in%20biology.pdf,EMAIL,1,УЗ-4,.pdf
ПДнDataset/share/Прочее/inostr_ino2.pdf,Нет,0,УЗ-4,.pdf
ПДнDataset/share/Прочее/INFN_NEXT_EU_FRAMEWORK_PROGRAMME_2024.pdf,Нет,0,УЗ-4,.pdf
ПДнDataset/share/Прочее/Horario_Aula_Hispanica_octubre-diciembre_2020.doc,Нет,0,УЗ-4,.doc
ПДнDataset/share/Прочее/Protokol_prez_N2.pdf,"PHONE, EMAIL",2,УЗ-4,.pdf
ПДнDataset/share/Прочее/BX771.pdf,EMAIL,1,УЗ-4,.pdf
ПДнDataset/share/Прочее/P197.pdf,BIRTHDAY,9,УЗ-4,.pdf
ПДнDataset/share/Прочее/Business%20Spanish%20A2%20the%20order.pdf,Нет,0,УЗ-4,.pdf
ПДнDataset/share/Прочее/11.04.01_Радиотехника_П210-ОД_ПИШ.pdf,Нет,0,УЗ-4,.pdf
ПДнDataset/share/Прочее/44.04.01_obuch_russ.pdf,Нет,0,УЗ-4,.pdf
ПДнDataset/share/Прочее/rating_izmentniya 20_2.pdf,BIRTHDAY,9,УЗ-4,.pdf
ПДнDataset/share/Прочее/teor_osn.pdf,Нет,0,УЗ-4,.pdf
ПДнDataset/share/Прочее/Лицей ЮФУ_ВД_расписание_2024-2025.pdf,Нет,0,УЗ-4,.pdf
ПДнDataset/share/Прочее/BRADBOOK%202013-V13.pdf,Нет,0,УЗ-4,.pdf
ПДнDataset/share/Прочее/cpgz2j07avd690b8sv0s21rxpuypsq9t.pdf,BIRTHDAY,7,УЗ-4,.pdf
ПДнDataset/share/Прочее/AICTE_Approval.pdf,"PASSPORT, EMAIL",20,УЗ-3,.pdf
ПДнDataset/share/Прочее/2.pdf,Нет,0,УЗ-4,.pdf
ПДнDataset/share/Прочее/prikl_mat.pdf,Нет,0,УЗ-4,.pdf
ПДнDataset/share/Прочее/P1011.pdf,Нет,0,УЗ-4,.pdf
ПДнDataset/share/Прочее/P148_25.05.2023.pdf,BIRTHDAY,2,УЗ-4,.pdf
ПДнDataset/share/Прочее/zhiv.pdf,Нет,0,УЗ-4,.pdf
ПДнDataset/share/Прочее/LLM_brochure_2025.pdf,EMAIL,1,УЗ-4,.pdf
ПДнDataset/share/Прочее/9781787699946-TYPE23-NR2.pdf,Нет,0,УЗ-4,.pdf
ПДнDataset/share/Прочее/osn_bio.pdf,Нет,0,УЗ-4,.pdf
ПДнDataset/share/Прочее/11.04.00.pdf,Нет,0,УЗ-4,.pdf
ПДнDataset/share/Прочее/09.03.01_Информатика и вычислительная техника.pdf,Нет,0,УЗ-4,.pdf
ПДнDataset/share/Прочее/Course%20syllabus%20sample_Urban%20design%20project%205.%20Designing%20an%20environment%20based%20on%20the%20concept%20of%20identity.pdf,EMAIL,1,УЗ-4,.pdf
ПДнDataset/share/Прочее/DSUStakeholdersFeedbackATR.pdf,"PASSPORT, EMAIL",161,УЗ-3,.pdf
ПДнDataset/share/Прочее/procedures-and-policies-for-maintenance.pdf,Нет,0,УЗ-4,.pdf
ПДнDataset/share/Прочее/p145od-2017.pdf,Нет,0,УЗ-4,.pdf
ПДнDataset/share/Прочее/Applied_problems_and_basic_technologies-info.pdf,EMAIL,1,УЗ-4,.pdf
ПДнDataset/share/Прочее/Course%20syllabus%20sample_Scientific%20research%20design%20of%20urban%20environment.pdf,EMAIL,1,УЗ-4,.pdf
ПДнDataset/share/Прочее/Свидетельство ПОА 12.04.01.pdf,Нет,0,УЗ-4,.pdf
ПДнDataset/share/Прочее/П1188.pdf,Нет,0,УЗ-4,.pdf
ПДнDataset/share/Прочее/130301_B_3_22062018.pdf,Нет,0,УЗ-4,.pdf
ПДнDataset/share/Прочее/ni_grant.pdf,BIRTHDAY,2,УЗ-4,.pdf
ПДнDataset/share/Прочее/%D0%9F320-%D0%9E%D0%94_%D0%9F%D1%80%D0%BE%D1%84%D0%BE%D0%B1%D1%83%D1%87%D0%B5%D0%BD%D0%B8%D0%B5_%D0%AE%D0%A4%D0%A3.pdf,BIRTHDAY,1,УЗ-4,.pdf
ПДнDataset/share/Прочее/bsc_msc_nursing_2025.pdf,"BIRTHDAY, EMAIL",2,УЗ-4,.pdf
ПДнDataset/share/Прочее/Декларация Волгодонск 2016г..xls,Нет,0,УЗ-4,.xls
ПДнDataset/share/Прочее/%D0%A0%D0%90%D0%A1_263-%D1%80%2015.03.pdf,Нет,0,УЗ-4,.pdf
ПДнDataset/share/Прочее/%D0%9F184-%D0%9E%D0%94%2044.04.04.pdf,Нет,0,УЗ-4,.pdf
ПДнDataset/share/Прочее/41.04.05.pdf,Нет,0,УЗ-4,.pdf
ПДнDataset/share/Прочее/KS09_01.tif,Нет,0,УЗ-4,.tif
ПДнDataset/share/Прочее/Course%20syllabus_Methodology%20of%20Social%20Sciences%20and%20Humanities_2022.pdf,EMAIL,1,УЗ-4,.pdf
ПДнDataset/share/Прочее/1663 от 27.12.2016.pdf,Нет,0,УЗ-4,.pdf
ПДнDataset/share/Прочее/%D0%A0%D0%90%D0%A1_712-%D1%80%20%D0%BE%D0%B1%D1%89%D0%B5%D0%B5%20%D1%81%D0%BE%D0%B1%D1%80%D0%B0%D0%BD%D0%B8%D0%B5%20%D0%90%D1%81%D1%81%D0%BE%D1%86%D0%B8%D0%B0%D1%86%D0%B8%D0%B8.pdf,BIRTHDAY,1,УЗ-4,.pdf
ПДнDataset/share/Прочее/Pril_1.8.pdf,Нет,0,УЗ-4,.pdf
ПДнDataset/share/Прочее/CA06_02.tif,Нет,0,УЗ-4,.tif
